,Cities,Latitude,Longitude,Max Temp,Humidity,Cloudiness,Wind Speed,Country,Date
0,dingle,48.247690464401444,-14.052342072779965,82.33,77,100,3.4,PH,1601428240
1,busselton,-61.2634765810388,87.635957465471,64,80,99,10.42,AU,1601428240
2,skala fourkas,39.70183957706692,23.407450091148974,62.01,59,0,8.99,GR,1601428241
3,bonavista,51.274296064094756,-44.646373186375,60.44,92,46,17.76,CA,1601428241
4,albany,-57.07086788687544,104.71736840886416,61,84,100,3.44,US,1601428241
5,taolanaro,-41.17363518169345,56.817312883150834,,,,,,
6,clyde river,69.9563804288594,-70.69201644517179,28.4,79,90,11.41,CA,1601428242
7,tautira,-17.085561774821542,-141.87116465312715,87.8,55,40,6.93,PF,1601428242
8,carnarvon,-25.945395480541237,109.64078005168079,66.2,59,0,16.11,AU,1601428242
9,mehamn,79.07257828213795,27.074956978221024,49.01,84,31,10.36,NO,1601428243
10,makung,23.23028284980549,118.50061202843756,,,,,,
11,victoria,-6.143577097774468,50.141485209201335,84.99,84,34,12.03,HK,1601428170
12,port alfred,-83.82157508137902,46.71724190544941,54.43,77,39,7.47,ZA,1601428244
13,isla aguada,19.52272200656651,-91.78883629013635,84.2,79,40,5.82,MX,1601428244
14,maningrida,-10.301470317638646,133.67676530719,86.16,58,78,12.55,AU,1601428244
15,vaini,-44.07091239409386,-178.85048457140107,80.6,83,90,14.99,TO,1601428244
16,lianran,24.576076255232437,101.56279327743005,70,100,90,6.71,CN,1601428245
17,berlevag,78.4257826816966,29.639739045900598,50.45,80,28,10.45,NO,1601428245
18,maceio,-18.89496381295008,-24.962449720981226,71.6,88,5,3.36,BR,1601428245
19,areosa,41.62091665758561,-9.124040412516308,64,93,0,9.86,PT,1601428245
20,port alfred,-85.69574957167626,45.31001021491923,54.43,77,39,7.47,ZA,1601428244
21,warrington,27.377992105472075,-87.18127486646219,50,93,61,11.41,GB,1601428246
22,daye,30.188665452178967,115.0261204940233,72.57,81,10,1.57,CN,1601428246
23,kaitangata,-69.13937016055866,178.28220002861207,42.78,89,100,11.01,NZ,1601428246
24,cape town,-68.74640435422776,-11.351492359448997,55,76,31,10.29,ZA,1601428196
25,emba,48.88602186206771,58.1702952572476,51.78,44,0,8.21,KZ,1601428247
26,madras,12.283289326936696,82.7579580714771,77,88,90,9.17,IN,1601428107
27,yellowknife,88.10088001787165,-98.62640208240381,42.8,87,75,12.75,CA,1601428247
28,iquique,-20.37410097689029,-72.12679933533086,60.8,72,40,11.41,CL,1601428247
29,ugoofaaru,5.874924157626239,72.41775618254462,81.81,73,100,9.33,MV,1601428248
30,tiksi,87.46506513108983,127.50534768112033,33.76,97,100,14.03,RU,1601428248
31,yellowknife,64.90499885345432,-117.53873314106205,42.8,87,75,12.75,CA,1601428247
32,mata,20.362432935679635,111.94591859441601,57,87,100,1.01,PT,1601428248
33,rikitea,-57.12913869599693,-123.23198775400795,69.89,78,70,21.85,PF,1601428248
34,makakilo city,5.47748502787276,-166.32816808845007,89.6,62,1,10.29,US,1601428249
35,arcata,40.686391719550784,-123.8679701884873,63,93,90,3.36,US,1601428249
36,barrow,89.54751124128069,-156.83276451584706,33.8,80,90,11.41,US,1601428249
37,salur,18.401065295701827,83.05380372110403,76.15,89,100,3.04,IN,1601428197
38,mataura,-81.92318562612745,-155.42910940975852,42.91,95,100,7.2,NZ,1601428249
39,jamestown,-21.161074320772343,-12.500153273566582,55.99,81,90,6.93,US,1601428250
40,aklavik,68.22718613596376,-137.39678676043982,41,80,75,6.93,CA,1601428250
41,albany,-44.72177646176893,111.75269449123078,61,84,100,3.44,US,1601428241
42,kodiak,43.90517535127884,-147.63694091197226,48.2,87,90,28.86,US,1601428250
43,mataura,-79.60772912146668,-152.04319338732742,42.91,95,100,7.2,NZ,1601428249
44,namibe,-13.572322521716004,4.541894009045876,62.91,84,84,6.64,AO,1601428251
45,tasiilaq,63.11482207702639,-38.21082554379001,32,92,100,4.7,GL,1601428251
46,xining,35.16004385672224,101.28734143594045,53.1,69,100,3.53,CN,1601428251
47,punta arenas,-81.44987257914715,-102.24685091952506,33.8,86,40,26.4,CL,1601428251
48,chagda,57.45512879700695,130.39771345042698,,,,,,
49,arraial do cabo,-27.157765102124586,-39.29019947477033,75.2,88,75,5.82,BR,1601428253
50,ponta do sol,22.479540204808842,-42.317159367537926,69.8,68,75,6.93,PT,1601428253
51,saldanha,-37.85477713436247,7.859651932813108,48.2,81,39,4.7,ZA,1601428253
52,taiyuan,37.90046021920118,112.10314114652402,57.2,76,73,2.24,CN,1601428147
53,vaini,-44.30903610307968,-169.50662122269753,80.6,83,90,14.99,TO,1601428244
54,belushya guba,81.86958884433605,58.97393608377084,,,,,,
55,kapaa,28.947224348562912,-160.81198003878967,84.99,66,1,10.29,US,1601428254
56,barawe,-3.5169538642255986,48.33535386931527,,,,,,
57,russell,-30.3563542440232,178.76385168757378,62.6,93,40,3.42,US,1601428255
58,tilichiki,61.023599205099146,168.79662232399346,41.29,84,100,9.73,RU,1601428256
59,lunenburg,43.77091783554499,-63.868563690427806,66.99,98,72,10.49,CA,1601428256
60,hermanus,-73.68953850450956,5.7487607367641544,45,93,29,3.67,ZA,1601428256
61,miandrivazo,-19.742771513661495,44.83921289106732,74.41,59,0,1.79,MG,1601428256
62,saleaula,-6.498497015459549,-169.15536450328761,,,,,,
63,mataura,-86.98718471126489,-148.75365832548135,42.91,95,100,7.2,NZ,1601428249
64,dikson,75.38620880305194,85.49383465865583,36.09,82,100,16.15,RU,1601428258
65,ostrovnoy,72.44552117565189,43.954262075371815,46.08,79,0,18.37,RU,1601428258
66,mataura,-84.37449141541691,-149.59947371690842,42.91,95,100,7.2,NZ,1601428249
67,ancud,-39.93879084812166,-98.54557822033703,37.99,93,100,5.82,CL,1601428258
68,lompoc,26.74359087956347,-130.08822297883853,62.6,82,1,14.99,US,1601428258
69,mataura,-49.997232069589245,-159.80648709796284,42.91,95,100,7.2,NZ,1601428249
70,forio,40.174915974052,13.022223519699082,62.6,82,0,2.24,IT,1601428259
71,albany,-82.54519948525663,98.49984184636833,61,84,100,3.44,US,1601428241
72,walvis bay,-24.718904729039266,14.587522078008618,51.01,93,0,9.17,NA,1601428259
73,nome,66.61931830361684,-167.01347919174057,43,60,75,8.05,US,1601428260
74,jinchang,40.197627890808235,102.0953037074346,54.63,59,15,27.98,CN,1601428133
75,avarua,-56.54246684232069,-166.40397898932255,78.8,78,38,25.28,CK,1601428260
76,busselton,-72.66273044429889,82.51307978710281,64,80,99,10.42,AU,1601428240
77,vanimo,5.029410528185963,142.88856800147784,85.62,66,15,5.41,PG,1601428260
78,codrington,20.388179168409835,-56.42272877408405,57,89,100,14.27,AU,1601428261
79,jacareacanga,-5.895893098307241,-56.1068191477397,80.31,59,39,0.54,BR,1601428261
80,saleaula,3.064471282370235,-170.58983191537672,,,,,,
81,paita,-8.704476719147905,-87.23155167428206,61.61,85,0,12.24,PE,1601428261
82,punta arenas,-78.40752041061764,-95.40942094117239,33.8,86,40,26.4,CL,1601428251
83,albany,-66.97131170787253,110.33415712791117,61,84,100,3.44,US,1601428241
84,van wert,40.81607879688383,-84.72183260603559,55.99,76,1,7.18,US,1601428262
85,geraldton,-33.62587552406351,94.70675422618143,66.2,59,0,12.75,AU,1601428100
86,puerto ayora,-13.64002018684127,-105.33403413421887,68,91,65,10,EC,1601428262
87,jamestown,-19.009379235425357,-13.262383259631747,55.99,81,90,6.93,US,1601428250
88,east london,-68.1555229425283,48.32883225153395,57.45,68,17,2.59,ZA,1601428263
89,pierre,45.132909631938844,-100.73618589160994,77,25,1,10.29,US,1601428263
90,kruisfontein,-78.08209993535195,28.37183106803252,45.82,85,0,5.41,ZA,1601428263
91,mar del plata,-49.56261944259557,-42.41797384171886,63,63,94,8.05,AR,1601428264
92,saint-louis,-23.0581244839411,53.869708842593695,86,70,0,2.24,SN,1601428264
93,honiara,-14.503841993054053,156.2785340401092,89.6,59,20,13.87,SB,1601428264
94,lebu,-29.256211746738096,-102.3831169162862,48.61,87,92,13.87,CL,1601428264
95,lasa,29.02323009845759,90.40408041661664,45,94,65,4.79,IT,1601428265
96,severo-kurilsk,35.934229789720476,166.65516986288236,55.15,66,100,9.73,RU,1601428265
97,ushuaia,-67.88646176507999,-39.25902847778465,33.8,80,40,13.87,AR,1601428002
98,ushuaia,-81.27977643864625,-31.75711391749192,33.8,80,40,13.87,AR,1601428002
99,georgetown,-19.98518854495488,-22.54325542764485,82.4,94,20,3.36,MY,1601428265
100,bluff,-62.69129677040868,161.79381635858897,48.42,81,84,17.49,NZ,1601428003
101,narsaq,75.08562809888011,-66.53260024765187,30.2,50,0,4.7,GL,1601428266
102,upernavik,78.26276200249328,-60.65901395709858,24.13,90,83,8.79,GL,1601428266
103,sayyan,16.161697280843228,46.94999413277435,57.67,40,7,1.66,YE,1601428266
104,hilo,4.6982797059107355,-155.52974362773168,84.2,70,1,11.41,US,1601428266
105,arak,33.84014056442801,49.433751480737186,43.92,71,0,2.62,IR,1601428267
106,ushuaia,-79.2226458805097,-24.056061330526234,33.8,80,40,13.87,AR,1601428002
107,great yarmouth,54.05551578396711,2.970219142781957,52,98,100,3,GB,1601428267
108,butaritari,4.601780276368061,163.64284596299342,82.18,75,4,14.34,KI,1601428267
109,mataura,-85.53141267120519,-149.96524491848118,42.91,95,100,7.2,NZ,1601428249
110,mataura,-76.30955527620246,-145.51783824239453,42.91,95,100,7.2,NZ,1601428249
111,honningsvag,78.77074711229423,26.032052632015223,51.26,83,9,9.31,NO,1601428268
112,kilis,36.864000676090285,37.05012064067492,77,36,0,5.82,TR,1601428268
113,new norfolk,-50.187926135371704,143.083932965987,63,69,90,1.01,AU,1601428268
114,muroto,30.076088737323175,134.32895538420485,69.8,88,75,4.7,JP,1601428269
115,hilo,11.502915923352461,-145.14137104898788,84.2,70,1,11.41,US,1601428266
116,grindavik,61.63162895271836,-21.757182173622596,35.6,93,40,3.36,IS,1601428269
117,bambous virieux,-37.584689363071526,81.42379964234425,70,94,40,6.93,MU,1601428269
118,tuatapere,-51.62983952038112,161.18926063909362,47.19,80,100,9.35,NZ,1601428269
119,manyana,-23.55019355306051,20.562740675544347,53.28,28,0,8.57,BW,1601428270
120,coihaique,-46.98597932504335,-77.87878658153178,39.2,51,20,5.82,CL,1601428270
121,sinnamary,13.220459321888185,-47.5493622022521,79,86,36,6.98,GF,1601428270
122,kapaa,38.32528507814948,-178.28141092048872,84.99,66,1,10.29,US,1601428254
123,visby,58.28174639064051,19.896390648637805,39.2,100,0,2.24,SE,1601428271
124,fortuna,37.26808430177957,-132.8637494731271,63,82,1,8.05,US,1601428271
125,batagay-alyta,69.09697992518531,132.01229528210564,33.22,77,100,11.83,RU,1601428271
126,busselton,-34.97728236598298,115.29712364850042,64,80,99,10.42,AU,1601428240
127,lorengau,7.645547451443704,146.1547980347645,85.86,68,100,9.75,PG,1601428271
128,arraial do cabo,-44.78727980947683,-26.43997696778527,75.2,88,75,5.82,BR,1601428253
129,lavrentiya,65.61220166117957,-170.22487230401097,37.9,76,0,0.96,RU,1601428272
130,bambous virieux,-37.070644888619334,82.75597622061201,70,94,40,6.93,MU,1601428269
131,vaini,-79.64305413789562,-168.21058461505294,80.6,83,90,14.99,TO,1601428244
132,east london,-46.3531802573237,40.26375534869135,57.45,68,17,2.59,ZA,1601428263
133,magistralnyy,56.349649961235116,107.26486634510627,39.27,93,100,2.93,RU,1601428273
134,arona,25.347327056735566,-17.49322789394401,73.4,64,20,10.29,ES,1601428273
135,port elizabeth,-63.43001373519849,29.507221339149538,48.2,93,0,4.7,ZA,1601428273
136,pussi,59.41189546422572,27.01643736335177,54.23,94,100,4.68,EE,1601428273
137,ixtapa,4.814468193545579,-108.09724810149109,87.8,70,40,8.05,MX,1601428273
138,cabo san lucas,13.972453552217928,-120.08164650164149,88,58,5,6.93,MX,1601428269
139,puerto ayora,-9.150109671581689,-110.8065407550117,68,91,65,10,EC,1601428262
140,kresttsy,58.29161218524874,32.79970516163763,47.89,94,0,4.34,RU,1601428274
141,chokurdakh,87.66133057307104,154.11973975077768,43.34,75,100,7.43,RU,1601428274
142,tournon-sur-rhone,45.17714716223213,4.836162687946114,52,90,0,2.8,FR,1601428275
143,nalut,29.311191014947653,8.63596617750295,72.25,56,0,9.17,LY,1601428275
144,husavik,80.87627216391374,-6.073794634159981,33.8,81,90,2.24,IS,1601428275
145,rikitea,-62.66269070222337,-129.58824235929512,69.89,78,70,21.85,PF,1601428248
146,busselton,-76.28377571435635,84.59748679041013,64,80,99,10.42,AU,1601428240
147,ornskoldsvik,65.06866066968041,18.024114649697538,48.2,100,90,2.24,SE,1601428276
148,illoqqortoormiut,78.9022243314316,-12.9413837831342,,,,,,
149,ribeira grande,40.5020509629675,-36.19632859509949,66.47,69,1,10.29,PT,1601428277
150,hilo,31.51735297668796,-145.12057779029655,84.2,70,1,11.41,US,1601428266
151,namatanai,3.807565693042875,158.60544512830717,85.21,69,100,3.15,PG,1601428277
152,nome,62.59135376897191,-168.35622082745778,43,60,75,8.05,US,1601428260
153,nizhneyansk,73.42250121428515,136.42261284579746,,,,,,
154,vaini,-72.9433112424999,-173.8068529664378,80.6,83,90,14.99,TO,1601428244
155,fairbanks,66.81422277203299,-146.8470600461609,55.4,43,1,4.25,US,1601428279
156,yellowknife,72.00910356873271,-116.13628734332505,42.8,87,75,12.75,CA,1601428247
157,norman wells,70.76848820868088,-121.60788632310542,44.6,65,75,9.17,CA,1601428280
158,new norfolk,-50.7500117320651,143.39250559353889,63,69,90,1.01,AU,1601428268
159,san nicolas,14.84426593792972,119.38612790162466,78.8,88,75,4.7,PH,1601428280
160,amalapuram,15.42735166999617,82.73371187559468,78.8,88,90,5.82,IN,1601428194
161,atuona,-5.610559374814031,-125.36497019490456,78.4,75,0,17.94,PF,1601428280
162,taolanaro,-85.47175633896275,68.31180972764918,,,,,,
163,alice springs,-24.7951332416212,135.54065744526235,75,40,0,13.87,AU,1601428003
164,hermanus,-76.87725995904181,-1.4922312761758008,45,93,29,3.67,ZA,1601428256
165,tuktoyaktuk,82.10268436070541,-120.89799769431662,37.4,93,90,2.24,CA,1601428281
166,vanimo,3.954559133625139,141.38607675047223,85.62,66,15,5.41,PG,1601428260
167,bluff,-79.36083401144087,157.84895362551185,48.42,81,84,17.49,NZ,1601428003
168,rikitea,-15.69611981208736,-128.89281825992916,69.89,78,70,21.85,PF,1601428248
169,hobart,-75.4292453777876,136.55287485990868,63,62,75,11.41,AU,1601428065
170,middletown,41.51529978482648,-74.50991022023474,53.01,100,90,7.23,US,1601428282
171,yasnyy,51.02231323910928,60.33649926309954,48.13,74,0,8.61,RU,1601428282
172,faanui,-10.959983831843886,-154.20626935973075,78.44,79,2,21.43,PF,1601428283
173,arraial do cabo,-42.318390822520385,-30.570235835166983,75.2,88,75,5.82,BR,1601428253
174,tuatapere,-59.589751391708546,155.54448245756078,47.19,80,100,9.35,NZ,1601428269
175,rikitea,-40.23617671028029,-134.9503005911764,69.89,78,70,21.85,PF,1601428248
176,saint-philippe,-53.14929340081255,70.61488171081214,68,72,38,5.82,RE,1601428284
177,altay,47.64161407805679,87.38107176889827,35.47,81,95,0.74,CN,1601428284
178,mataura,-39.309570258570695,-150.1254070680038,42.91,95,100,7.2,NZ,1601428249
179,rikitea,-51.56097172610875,-113.08743737956685,69.89,78,70,21.85,PF,1601428248
180,kuching,2.6170841067455086,110.69149275020777,80.6,88,20,2.24,MY,1601428284
181,dafeng,33.4940835698043,121.21352203587304,77.94,76,24,6.06,CN,1601428285
182,rawson,-48.749861498741026,-58.52623003271607,48.2,84,100,9.24,AR,1601428285
183,barrow,83.49656560212622,-160.94672009836376,33.8,80,90,11.41,US,1601428249
184,ushuaia,-89.34210539826141,-57.552218796906644,33.8,80,40,13.87,AR,1601428002
185,alofi,-17.57872961046445,-168.72588198299528,82.4,69,75,18.34,NU,1601428233
186,hofn,64.32926125921989,-15.648040921990201,48.83,93,100,22.91,IS,1601428286
187,punta arenas,-83.54421191962973,-96.78329253087011,33.8,86,40,26.4,CL,1601428251
188,fortuna,38.52095662538861,-127.29593321654232,63,82,1,8.05,US,1601428271
189,ushuaia,-63.21085865560485,-74.84544455784358,33.8,80,40,13.87,AR,1601428002
190,port lincoln,-50.44783126180091,129.33329529437123,62.13,70,100,21.03,AU,1601428003
191,hobart,-76.10884706105723,139.17088159340608,63,62,75,11.41,AU,1601428065
192,vaini,-28.665103701549647,-177.46337947918755,80.6,83,90,14.99,TO,1601428244
193,oriximina,0.32394562023168305,-55.29759847248452,87.62,44,0,7.4,BR,1601428287
194,bend,43.53986638371276,-121.64047018664945,86,15,1,8.05,US,1601428287
195,chokurdakh,70.81675494069162,145.53283076061155,43.34,75,100,7.43,RU,1601428274
196,hilo,7.812513871475204,-156.89440972236534,84.2,70,1,11.41,US,1601428266
197,tiksi,83.82915216724157,124.78467657089561,33.76,97,100,14.03,RU,1601428248
198,chuy,-53.42114782841738,-30.992348692533113,52.12,85,3,7.47,UY,1601428288
199,esperance,-29.524626117680995,120.94257611500427,59,100,0,11.41,AU,1601428289
200,rio rancho,35.5642638387212,-107.17347034927168,73.99,8,1,4.7,US,1601428289
201,oga,40.89196539573615,137.18505564081892,45,100,75,2.24,IT,1601428289
202,avarua,-48.321160071290315,-161.44758319379463,78.8,78,38,25.28,CK,1601428260
203,svetlogorsk,66.80679287385863,91.0517948225484,57.34,65,100,10.89,BY,1601428289
204,carira,-10.151969592338958,-37.96312081778183,65.73,91,0,7.16,BR,1601428290
205,illoqqortoormiut,81.41905841282932,-9.414350848944537,,,,,,
206,agirish,62.62288626295583,63.13040293775475,44.19,94,80,6.33,RU,1601428290
207,aykhal,67.96234396466625,107.6432122524293,23,92,90,6.71,RU,1601428290
208,saskylakh,89.40040046939552,114.95174111385177,27.91,95,17,5.73,RU,1601428291
209,saleaula,3.1289189941101228,-170.3913776558979,,,,,,
210,caravelas,-18.464448560410275,-34.21547257912849,74.08,85,0,7,BR,1601428291
211,busselton,-72.40569415596441,94.27766276688163,64,80,99,10.42,AU,1601428240
212,castro,-58.304482585168714,-111.60014010785378,64.38,93,1,4.29,BR,1601428291
213,whitecourt,54.24907242507703,-115.20332971422788,57.2,26,20,14.99,CA,1601428292
214,georgetown,-0.1880474675348296,-18.740028707484868,82.4,94,20,3.36,MY,1601428265
215,chipinge,-21.335345139769586,33.77850824399516,62.24,98,89,3.36,ZW,1601428292
216,chake chake,-5.610287715845146,41.83029936924001,75.16,82,87,4.88,TZ,1601428292
217,amuntai,-0.5140260768681912,114.18399009903919,84.25,67,57,0.94,ID,1601428293
218,vostok,47.5535771725215,147.04276938167203,51.17,68,0,3.36,RU,1601428293
219,thompson,70.38989374411636,-100.43379505971943,50,76,75,4.7,CA,1601428293
220,bosaso,12.602010070485946,48.44366724943464,83.28,63,0,2.98,SO,1601428293
221,puerto ayora,-24.6809020343796,-102.38219200818413,68,91,65,10,EC,1601428262
222,punta arenas,-73.92048585069745,-96.30132617070619,33.8,86,40,26.4,CL,1601428251
223,nikolskoye,52.11409085584509,174.62953807666213,52,93,75,2.24,RU,1601428294
224,hilo,13.540530240749021,-135.613632588953,84.2,70,1,11.41,US,1601428266
225,haines junction,62.32545767512701,-142.44816036157306,45.64,59,100,1.57,CA,1601428294
226,hermanus,-50.18071083389958,11.52641537783407,45,93,29,3.67,ZA,1601428256
227,urumqi,43.80829101292244,88.88917204218939,42.8,45,0,6.71,CN,1601428295
228,vanimo,3.2651585274123676,142.1453518655233,85.62,66,15,5.41,PG,1601428260
229,kapaa,11.21478589995732,-165.12793504390095,84.99,66,1,10.29,US,1601428254
230,samusu,-11.12277326942278,-163.8806722387858,,,,,,
231,avarua,-52.00542531707824,-161.2648929374561,78.8,78,38,25.28,CK,1601428260
232,esperance,-54.17852804356996,125.71062143885592,59,100,0,11.41,AU,1601428289
233,samur,41.65208003240002,48.51671458901285,55.27,68,81,8.23,RU,1601428297
234,punta arenas,-76.42574103909253,-120.69375602260136,33.8,86,40,26.4,CL,1601428251
235,rikitea,-62.57814172761973,-115.2896475468846,69.89,78,70,21.85,PF,1601428248
236,mar del plata,-69.60257069047312,-21.643133175731577,63,63,94,8.05,AR,1601428264
237,mataura,-79.42510058200077,-146.20462909236738,42.91,95,100,7.2,NZ,1601428249
238,irbeyskoye,55.34594546964885,95.33374846674673,31.12,95,0,2.89,RU,1601428298
239,pisco,-20.331622479193072,-84.44507635389259,62.6,82,19,17.22,PE,1601428298
240,upernavik,70.71799958339463,-61.26713493547257,24.13,90,83,8.79,GL,1601428266
241,norman wells,65.02451531099092,-129.99574202662254,44.6,65,75,9.17,CA,1601428280
242,vaini,-30.260562970003292,-174.46186539532837,80.6,83,90,14.99,TO,1601428244
243,katsuura,21.046084186301442,152.61550597397223,73.99,50,1,5.01,JP,1601428299
244,busselton,-57.36210169927087,91.85793237686983,64,80,99,10.42,AU,1601428240
245,albany,-83.88789750751782,106.54098249386857,61,84,100,3.44,US,1601428241
246,coquimbo,-28.273464082469744,-76.9541900732295,53.6,76,0,6.93,CL,1601428299
247,east london,-77.22193675532031,54.006266582871916,57.45,68,17,2.59,ZA,1601428263
248,khatanga,78.3054735719339,104.96912248989463,30.97,99,100,13.29,RU,1601428300
249,nikolskoye,47.80496378930178,172.39249822256897,52,93,75,2.24,RU,1601428294
250,sosua,19.97912739107346,-70.41943528310374,78.8,94,75,7.72,DO,1601428300
251,ushuaia,-71.08293861039255,-54.38643782019052,33.8,80,40,13.87,AR,1601428002
252,bluff,-80.38142016241824,158.23463222246738,48.42,81,84,17.49,NZ,1601428003
253,saint-philippe,-55.02366781557557,72.30959873122646,68,72,38,5.82,RE,1601428284
254,rikitea,-48.17034169243859,-112.13226906437009,69.89,78,70,21.85,PF,1601428248
255,atuona,5.044101371006022,-143.60528485626926,78.4,75,0,17.94,PF,1601428280
256,mataura,-27.348758610861893,-143.7287871865056,42.91,95,100,7.2,NZ,1601428249
257,rapid city,43.50638769906686,-103.34299811381348,71.6,28,1,11.41,US,1601428302
258,richards bay,-31.768745003524536,35.78919410648945,61.56,85,87,4.92,ZA,1601428302
259,komsomolskiy,74.05738846114488,173.11010056904973,55.4,58,100,2.24,UZ,1601428302
260,severo-kurilsk,45.83921096361547,161.79315955108007,55.15,66,100,9.73,RU,1601428265
261,illoqqortoormiut,70.12849051296183,-23.755255071427598,,,,,,
262,adrar,29.41138793808345,-1.5483242165025501,90.81,19,0,8.77,MR,1601428303
263,yellowknife,89.83721511191183,-105.82772680561858,42.8,87,75,12.75,CA,1601428247
264,nantucket,38.97227692932029,-67.92489345692974,66.2,93,90,9.17,US,1601428303
265,vanavara,59.13585001172524,101.23945551262466,29.61,93,0,5.44,RU,1601428304
266,airai,18.87567482280957,146.59601823237642,76.08,40,100,5.97,TL,1601428304
267,mataura,-76.02094107431745,-144.56831245174712,42.91,95,100,7.2,NZ,1601428249
268,jabiru,-12.105566222191058,133.06911986060345,,,,,,
269,aswan,21.958772923301453,32.203724361033125,82.22,22,0,5.84,EG,1601428304
270,rikitea,-59.80149334934278,-125.1542235714195,69.89,78,70,21.85,PF,1601428248
271,ushuaia,-81.46931710003284,-80.43705220235798,33.8,80,40,13.87,AR,1601428002
272,kapaa,37.39096313645639,-164.24424698675517,84.99,66,1,10.29,US,1601428254
273,carnarvon,-29.8415145009942,101.7682997460243,66.2,59,0,16.11,AU,1601428242
274,san jose,7.508569252602243,-93.59507458965578,81,50,75,12.75,US,1601428305
275,preston,42.596738865867906,-111.39185270776885,48.99,89,94,9.08,GB,1601428306
276,esperance,-28.450111302533458,124.68828754996957,59,100,0,11.41,AU,1601428289
277,vaini,-75.63436555926043,-176.40372931441289,80.6,83,90,14.99,TO,1601428244
278,tasiilaq,59.32341228303079,-36.44459774397495,32,92,100,4.7,GL,1601428251
279,leningradskiy,74.81322804641661,178.13197280645608,37.98,76,75,7.09,RU,1601428307
280,les cayes,16.43069347137059,-73.67504778425484,80.92,81,100,6.49,HT,1601428307
281,ponta do sol,15.99996310348132,-40.37978668243005,69.8,68,75,6.93,PT,1601428253
282,rikitea,-67.30893877635125,-116.67778377512136,69.89,78,70,21.85,PF,1601428248
283,lorengau,9.404009317698495,147.00438053161344,85.86,68,100,9.75,PG,1601428271
284,ribeira grande,38.16457983810662,-35.88938474659014,66.47,69,1,10.29,PT,1601428277
285,uray,60.749028229146404,64.5836061597762,42.44,94,8,6.38,RU,1601428308
286,kaitangata,-51.61015473087233,170.56396540104197,42.78,89,100,11.01,NZ,1601428246
287,albany,-53.15298022861812,107.05477945572977,61,84,100,3.44,US,1601428241
288,rikitea,-57.03748934753152,-121.64945895775195,69.89,78,70,21.85,PF,1601428248
289,amderma,70.11248017186932,58.92187787121401,,,,,,
290,rikitea,-30.316364705721327,-124.46122718640368,69.89,78,70,21.85,PF,1601428248
291,leiyang,26.137404281344573,112.89932069998804,68.61,94,100,4.81,CN,1601428310
292,ushuaia,-63.392852085572,-67.19202477261186,33.8,80,40,13.87,AR,1601428002
293,karakendzha,39.178374858855676,71.21781567802003,,,,,,
294,port hedland,-17.49465351903396,117.01683194117254,93.2,10,18,17.22,AU,1601428311
295,mookane,-23.852362606125084,26.262232687845454,61.32,88,0,6.55,BW,1601428311
296,bluff,-74.37112109517693,168.61352432431426,48.42,81,84,17.49,NZ,1601428003
297,praia da vitoria,44.04593005177048,-25.170236341388915,66.2,72,75,7.23,PT,1601428311
298,rikitea,-28.8248470059238,-132.34980005324724,69.89,78,70,21.85,PF,1601428248
299,vaini,-89.48541160850786,-174.63554774894112,80.6,83,90,14.99,TO,1601428244
300,tuktoyaktuk,87.96574935531046,-125.49738748546724,37.4,93,90,2.24,CA,1601428281
301,mataura,-54.82892852463254,-161.4227960331294,42.91,95,100,7.2,NZ,1601428249
302,puerto ayora,-6.10341272434971,-99.56308970664945,68,91,65,10,EC,1601428262
303,nantucket,39.82043630318444,-70.8189750839433,66.2,93,90,9.17,US,1601428303
304,rikitea,-43.164521036025704,-127.43144532873853,69.89,78,70,21.85,PF,1601428248
305,tiksi,74.19081268615972,122.81233218615262,33.76,97,100,14.03,RU,1601428248
306,belushya guba,87.8769950087605,48.12966287724305,,,,,,
307,gallup,36.50848387190342,-109.71410534581008,78.8,6,1,12.75,US,1601428313
308,albany,-64.26347268397475,102.59298299228493,61,84,100,3.44,US,1601428241
309,hobart,-76.37506983918175,136.15617488224296,63,62,75,11.41,AU,1601428065
310,torbay,44.17557105270575,-40.5765682554152,64,1,4,4,CA,1601428314
311,laguna,-29.00774791876828,-47.581552755171,96.01,20,1,3.36,US,1601428314
312,ribeira grande,33.25451804457869,-32.77736762515286,66.47,69,1,10.29,PT,1601428277
313,lagoa,51.693541306859174,-31.883710254590454,66.51,68,2,7.72,PT,1601428315
314,new norfolk,-45.67219137967753,144.28041531105544,63,69,90,1.01,AU,1601428268
315,manokwari,2.706444835595917,134.00932557331112,84.81,64,24,4.21,ID,1601428315
316,pimentel,-11.836815816861787,-87.81397469313075,61.27,87,0,12.17,PE,1601428315
317,benjamin constant,-5.1323915298387845,-69.89209632948415,75.2,94,100,1.12,BR,1601428316
318,qaanaaq,84.82962124723878,-77.91232457205578,14.27,78,0,6.11,GL,1601428316
319,kapaa,25.60986234002415,-177.4519364415356,84.99,66,1,10.29,US,1601428254
320,saldanha,-45.95084924595547,-8.865917503653122,48.2,81,39,4.7,ZA,1601428253
321,cape town,-49.42189730984841,7.802454100543002,55,76,31,10.29,ZA,1601428196
322,kushiro,42.94654370267753,144.90855566903286,59,87,75,3.36,JP,1601428162
323,georgetown,-0.006759096649304297,-17.622682801017874,82.4,94,20,3.36,MY,1601428265
324,barrow,87.07452217629859,-160.54696726632255,33.8,80,90,11.41,US,1601428249
325,taboga,8.707677297892815,-79.22426492931152,51.01,91,4,6.15,IT,1601428317
326,bonthe,4.006535320221417,-16.615185812245016,77.38,90,94,4.97,SL,1601428318
327,avarua,-59.027812622096164,-167.44148942365203,78.8,78,38,25.28,CK,1601428260
328,ushuaia,-67.92614283143821,-58.3363817676355,33.8,80,40,13.87,AR,1601428002
329,tasiilaq,84.26792576739493,-39.049028717932856,32,92,100,4.7,GL,1601428251
330,illoqqortoormiut,87.46686605045431,-15.841913753586482,,,,,,
331,khatanga,74.23743961075107,101.32373220737037,30.97,99,100,13.29,RU,1601428300
332,nanortalik,52.781757071779595,-35.07058828049932,35.31,77,0,19.46,GL,1601428319
333,raudeberg,66.827079906243,2.8565183636262645,50,96,100,2.44,NO,1601428319
334,kruisfontein,-39.29863075259585,24.573850229410255,45.82,85,0,5.41,ZA,1601428263
335,saint george,29.08328664229026,-49.4614424932532,89.01,7,1,6.93,US,1601428310
336,ushuaia,-77.63875450064545,-32.326162722405,33.8,80,40,13.87,AR,1601428002
337,ushuaia,-72.29684591813964,-66.43217762821517,33.8,80,40,13.87,AR,1601428002
338,hilo,13.404176221198014,-139.1319441710669,84.2,70,1,11.41,US,1601428266
339,ushuaia,-85.39693795915099,-65.4566155415604,33.8,80,40,13.87,AR,1601428002
340,chapais,50.356669916108785,-74.53137925944343,53.6,76,90,6.93,CA,1601428321
341,illoqqortoormiut,87.837471833758,-28.822080936437004,,,,,,
342,bredasdorp,-85.31672479391557,14.567600479817742,44.6,87,10,2.24,ZA,1601428321
343,hilo,5.006503071156516,-152.37937441522337,84.2,70,1,11.41,US,1601428266
344,pandan,15.085414422868723,124.66162324089561,86.38,63,100,2.93,PH,1601428322
345,butaritari,23.345187972844514,174.25753130387136,82.18,75,4,14.34,KI,1601428267
346,sarkand,46.13935239609327,80.13588761961717,38.05,63,0,2.93,KZ,1601428322
347,danshui,22.561894622302077,114.61662437273247,86,81,11,1.01,CN,1601428322
348,kaeo,-32.17041390795819,174.20790770177183,59.41,50,97,6.76,NZ,1601428323
349,ayan,54.447783280055404,137.8663192872366,49.35,63,100,9.69,RU,1601428323
350,qaanaaq,86.2108850290362,-93.4214034834988,14.27,78,0,6.11,GL,1601428316
351,busselton,-72.80760954357135,81.3014799343822,64,80,99,10.42,AU,1601428240
352,attawapiskat,59.226276731290966,-88.64458117895987,,,,,,
353,mizdah,31.25274718673633,13.338603004789832,66.27,83,7,6.85,LY,1601428324
354,port alfred,-85.04757200731534,53.576923333128036,54.43,77,39,7.47,ZA,1601428244
355,ushuaia,-75.91354066613343,-54.432071279488355,33.8,80,40,13.87,AR,1601428002
356,barentsburg,77.78623198026008,13.17616478051346,,,,,,
357,chokurdakh,83.36014566326418,148.11236897563708,43.34,75,100,7.43,RU,1601428274
358,hithadhoo,-7.304102215961137,71.7331834296663,83.08,73,100,8.79,MV,1601428325
359,sao filipe,15.470465518545836,-24.39953705922042,79.63,74,14,9.46,CV,1601428325
360,kapaa,35.16085676850561,-153.5430190220576,84.99,66,1,10.29,US,1601428254
361,ushuaia,-56.870032649651165,-52.226133441910775,33.8,80,40,13.87,AR,1601428002
362,taltal,-25.383790510648424,-77.5867500382575,58.14,72,0,6.53,CL,1601428326
363,urcos,-13.980901025493154,-71.55816370888522,50.67,65,66,5.77,PE,1601428326
364,kruisfontein,-38.954766933575684,25.017929107881486,45.82,85,0,5.41,ZA,1601428263
365,jumla,33.23490222151487,83.81737606578116,54.55,54,0,4.18,NP,1601428322
366,brae,63.00029119800158,-1.8737823558903415,51.8,81,0,16.11,GB,1601428327
367,vanimo,0.24225339880766228,140.8598730727167,85.62,66,15,5.41,PG,1601428260
368,the valley,25.146522832290785,-62.04234140250696,84.2,79,20,9.17,AI,1601428327
369,gambo,48.96751543880734,-54.25520001929944,68.11,97,100,0.92,CF,1601428328
370,tromso,72.89692527417543,18.970514194436817,48.2,87,76,3.36,NO,1601428328
371,new norfolk,-86.19007549526138,125.798720908203,63,69,90,1.01,AU,1601428268
372,pisco,-22.698935381387386,-87.08369580736532,62.6,82,19,17.22,PE,1601428298
373,new norfolk,-66.2040420676517,127.6282028722299,63,69,90,1.01,AU,1601428268
374,vaini,-36.98724737289635,-176.46881686522036,80.6,83,90,14.99,TO,1601428244
375,barentsburg,82.80355295389907,10.450206227348758,,,,,,
376,ilulissat,70.70958896380876,-49.84011671879165,28.4,68,71,8.05,GL,1601428329
377,bluff,-83.71583952284034,163.00881476972518,48.42,81,84,17.49,NZ,1601428003
378,lodwar,2.8184737416404886,36.18378137080285,82.85,49,100,16.02,KE,1601428329
379,zakharovo,54.50319676148652,39.06735910195684,50,40,100,11.56,RU,1601428330
380,illoqqortoormiut,76.972881429535,-25.663703151195477,,,,,,
381,taolanaro,-42.18242665273672,50.462050401398415,,,,,,
382,yellowknife,87.39144883184304,-112.3241978081802,42.8,87,75,12.75,CA,1601428247
383,yellowknife,81.84219091435943,-112.32579432143284,42.8,87,75,12.75,CA,1601428247
384,rikitea,-33.87687499024189,-135.87925700720933,69.89,78,70,21.85,PF,1601428248
385,hobart,-48.055787607559424,149.21231820859236,63,62,75,11.41,AU,1601428065
386,noumea,-24.080333382280784,165.70492007847287,75.2,53,75,19.46,NC,1601428331
387,albany,-60.69981864419131,123.32806901370088,61,84,100,3.44,US,1601428241
388,vaini,-32.027428916518986,-176.5297187550929,80.6,83,90,14.99,TO,1601428244
389,nikolskoye,43.927785081297,179.70214319115672,52,93,75,2.24,RU,1601428294
390,finschhafen,-5.900399006519521,148.13317825189654,82.17,72,94,10.4,PG,1601428332
391,noumea,-27.60221227109769,164.16856344941993,75.2,53,75,19.46,NC,1601428331
392,ngunguru,-30.824473924980957,178.81710159047964,57.96,55,100,6.93,NZ,1601428332
393,jamestown,-22.287071717010477,-6.0959807093344125,55.99,81,90,6.93,US,1601428250
394,vaitupu,-6.595335522548211,-175.61368459499536,,,,,,
395,bluff,-84.90101585217245,160.8707155774648,48.42,81,84,17.49,NZ,1601428003
396,cayenne,11.015885780219946,-44.888284493276444,77,100,75,7.49,GF,1601428334
397,yellowknife,86.14438057439105,-104.25274126621633,42.8,87,75,12.75,CA,1601428247
398,am timan,11.367835966353113,21.030803066631904,73.17,94,100,4.23,TD,1601428335
399,quatre cocos,-14.053933749834755,69.74694580974989,70,94,40,6.93,MU,1601428335
400,kapaa,32.19335153868897,-166.2047463487059,84.99,66,1,10.29,US,1601428254
401,dovolnoye,54.56235462348204,79.4196129335291,31.73,96,41,2.55,RU,1601428335
402,jacareacanga,-7.000154185376402,-59.46360866212433,80.31,59,39,0.54,BR,1601428261
403,ayan,58.34043530368871,139.67235013286484,49.35,63,100,9.69,RU,1601428323
404,kapaa,24.49526772174218,-160.66219683316862,84.99,66,1,10.29,US,1601428254
405,atuona,-12.516893534147997,-142.05503353191554,78.4,75,0,17.94,PF,1601428280
406,bluff,-86.20042115854329,152.20105945201647,48.42,81,84,17.49,NZ,1601428003
407,kapaa,30.258606206349583,-172.2657172214062,84.99,66,1,10.29,US,1601428254
408,cabedelo,-5.6207882124257935,-24.552942199404868,73.4,88,7,4.7,BR,1601428338
409,katsuura,27.205967308915888,144.40796904149903,73.99,50,1,5.01,JP,1601428299
410,qaanaaq,75.41451179409052,-79.42873562839677,14.27,78,0,6.11,GL,1601428316
411,mbarara,-0.7213904685296626,30.63150568698964,61.95,90,0,3.11,UG,1601428339
412,batagay-alyta,67.20088598820456,130.75855405968133,33.22,77,100,11.83,RU,1601428271
413,ponta do sol,17.137748436253034,-27.771598062844475,69.8,68,75,6.93,PT,1601428253
414,bandarbeyla,5.926445879333372,59.41272716518523,77.31,80,22,18.48,SO,1601428340
415,hermanus,-88.73323238859356,7.041060345003956,45,93,29,3.67,ZA,1601428256
416,albany,-83.61681501410618,100.74004635353623,61,84,100,3.44,US,1601428241
417,half moon bay,36.22367133512277,-123.9855329746105,77,64,5,9.17,US,1601428340
418,bambous virieux,-22.21400455942566,62.097102987815845,70,94,40,6.93,MU,1601428269
419,college,65.31451430575541,-150.0387741118792,55.4,50,40,5.82,US,1601428341
420,bolungarvik,69.82339064647152,-30.41107472621229,,,,,,
421,castro,-47.293635241777636,-86.31356177508812,64.38,93,1,4.29,BR,1601428291
422,talnakh,82.89539981417835,91.04208554954471,32,97,0,8.95,RU,1601428342
423,vaitupu,-3.9738114011416883,-176.91856940343268,,,,,,
424,sentyabrskiy,42.024076055751436,152.24076659808367,,,,,,
425,vaini,-70.19640691026189,-173.6746288910299,80.6,83,90,14.99,TO,1601428244
426,rikitea,-54.86902418456122,-119.66514749863711,69.89,78,70,21.85,PF,1601428248
427,honningsvag,81.82829856109254,26.405652587847214,51.26,83,9,9.31,NO,1601428268
428,tumannyy,77.43807021295376,36.454036234923024,,,,,,
429,deputatskiy,69.63705779938223,141.8263363486384,37.89,77,100,7.52,RU,1601428344
430,tuatapere,-45.848007941543365,160.90437907139477,47.19,80,100,9.35,NZ,1601428269
431,mykolayivka,47.579778504236,30.518262067547823,56.5,90,100,6.38,UA,1601428345
432,khatanga,74.71401838455213,105.69243316704814,30.97,99,100,13.29,RU,1601428300
433,mahebourg,-40.21010799539676,71.75031325377802,69.8,94,40,6.93,MU,1601428345
434,lebu,-37.419681210604004,-96.47490377846411,48.61,87,92,13.87,CL,1601428264
435,berlevag,88.05912807440728,34.24974868484907,50.45,80,28,10.45,NO,1601428245
436,harstad,68.89202062660095,16.422010289015503,46,100,90,9.17,NO,1601428346
437,rikitea,-72.51866831306545,-128.19256181053115,69.89,78,70,21.85,PF,1601428248
438,harrai,22.701427382222434,79.07506578797467,69.24,85,53,3.22,IN,1601428346
439,addi ugri,14.87944714178731,39.268961912443245,,,,,,
440,victoria,-10.59245472590483,56.164642539581905,84.99,84,34,12.03,HK,1601428170
441,ushuaia,-73.58294761063028,-30.87418153614442,33.8,80,40,13.87,AR,1601428002
442,jamestown,-42.69047282928588,-17.32122414733618,55.99,81,90,6.93,US,1601428250
443,akdepe,41.66995743739042,59.25950860640435,42.8,56,65,9.17,TM,1601428348
444,angoche,-17.508902034882965,41.09636647221606,72.34,93,1,6.55,MZ,1601428348
445,miri,3.8408743194640493,114.38063131871041,84.2,79,40,5.82,MY,1601428206
446,illoqqortoormiut,75.71658468127825,-23.199481155889714,,,,,,
447,belaya gora,67.94497220848496,144.91288556680325,47.19,73,98,9.71,RU,1601428349
448,san patricio,6.704377595979722,-116.16861590005465,86,74,75,5.82,MX,1601428349
449,hithadhoo,-0.23474127627439145,72.3678688891041,83.08,73,100,8.79,MV,1601428325
450,moron,47.20377416986048,99.53425711735048,68,58,0,3,AR,1601428349
451,lanzhou,35.688996901667764,104.34875318170134,57,81,100,2.55,CN,1601428245
452,chokurdakh,74.1112568627868,145.30328622564855,43.34,75,100,7.43,RU,1601428274
453,port alfred,-35.16143678751599,27.194866628166608,54.43,77,39,7.47,ZA,1601428244
454,rungata,-2.95848449139784,177.61465857238477,,,,,,
455,sao filipe,9.247781619337161,-34.339396161899714,79.63,74,14,9.46,CV,1601428325
456,vaitupu,-5.078095866736106,-179.74432848433023,,,,,,
457,ushuaia,-52.520099732310356,-59.39975363085341,33.8,80,40,13.87,AR,1601428002
458,diego de almagro,-25.67750560502826,-68.29682301668946,52.63,45,0,0.94,CL,1601428352
459,edd,14.634522835776863,40.65236407943138,86.22,66,0,3.18,ER,1601428352
460,atuona,-6.9243422384091105,-147.11410270020946,78.4,75,0,17.94,PF,1601428280
461,tuktoyaktuk,73.72574676499602,-130.82772526380637,37.4,93,90,2.24,CA,1601428281
462,hilo,4.65743663868318,-160.48247118516753,84.2,70,1,11.41,US,1601428266
463,hilo,5.71107094604082,-146.79857020116577,84.2,70,1,11.41,US,1601428266
464,chuy,-50.0410036247391,-35.299238523084,52.12,85,3,7.47,UY,1601428288
465,hermanus,-64.87589811293401,3.235372125258806,45,93,29,3.67,ZA,1601428256
466,quatre cocos,-14.686792186097065,68.54490961152456,70,94,40,6.93,MU,1601428335
467,new norfolk,-75.96693049590242,131.9337298648103,63,69,90,1.01,AU,1601428268
468,paoua,7.498005580823644,17.12447134428868,68.31,97,100,2.86,CF,1601428354
469,rikitea,-66.16395548954648,-129.0777274821873,69.89,78,70,21.85,PF,1601428248
470,ushuaia,-88.45953016265271,-83.8105636416495,33.8,80,40,13.87,AR,1601428002
471,saldanha,-43.06736748239504,-7.000746200333225,48.2,81,39,4.7,ZA,1601428253
472,san cristobal,-9.120449439840584,-91.03692652694671,66.09,89,99,4.38,VE,1601428354
473,qaqortoq,64.56470882414484,-45.72272471405407,30.2,50,0,4.7,GL,1601428355
474,hobart,-76.77802389524665,147.23858284979707,63,62,75,11.41,AU,1601428065
475,ugoofaaru,6.176297768697054,70.64616916067646,81.81,73,100,9.33,MV,1601428248
476,mataura,-70.80231630810955,-159.87515877902305,42.91,95,100,7.2,NZ,1601428249
477,hilo,7.477780859575276,-154.54990503435923,84.2,70,1,11.41,US,1601428266
478,victoria,-6.257783975292185,63.26500256598291,84.99,84,34,12.03,HK,1601428170
479,glenluce,54.82878545689431,-4.90896712879578,54,90,100,7,GB,1601428356
480,beringovskiy,48.02929955721888,179.67950825994592,43.83,67,60,2.35,RU,1601428356
481,atambua,-11.334780013471018,126.95329343588725,85.15,43,100,2.55,ID,1601428329
482,santa lucia,-16.285030247094255,-70.57982384405544,73,73,20,9.17,ES,1601428356
483,tuktoyaktuk,82.96741043418092,-138.02344334716028,37.4,93,90,2.24,CA,1601428281
484,gogrial,9.626613765058309,28.610092875366348,74.26,83,100,3.65,SS,1601428357
485,payson,39.867194495818126,-111.90529799884091,71.6,24,1,3.65,US,1601428357
486,new norfolk,-46.68139826176832,141.59322195335392,63,69,90,1.01,AU,1601428268
487,sioux lookout,54.00395857096029,-91.09919136990374,50,87,75,2.24,CA,1601428358
488,boguchany,59.93741709273266,97.514708282605,29.19,94,0,2.89,RU,1601428358
489,atuona,-1.6477204326065475,-124.83165546316927,78.4,75,0,17.94,PF,1601428280
490,san cristobal,-1.1957367450971503,-86.89275930401197,66.09,89,99,4.38,VE,1601428354
491,vaitupu,3.5927596091711393,-178.4313764215779,,,,,,
492,bethel,54.66862367771452,-162.22535977083015,70,94,90,4.7,US,1601428359
493,taolanaro,-88.3572161967707,65.24406200459424,,,,,,
494,touros,-0.9328922273244729,-30.995465396227814,73.4,88,20,3.36,BR,1601428359
495,poum,-17.308929903554684,159.3654770582043,71.53,66,4,11.56,NC,1601428359
496,loiza,21.69177871616371,-65.2265936154078,80.6,74,40,13.87,PR,1601428359
497,coihaique,-49.91808213336769,-79.42922526580115,39.2,51,20,5.82,CL,1601428270
498,albany,-63.74957382960072,104.42027802509364,61,84,100,3.44,US,1601428241
499,avarua,-67.39100677552742,-164.13978345882018,78.8,78,38,25.28,CK,1601428260
