,Cities,Latitude,Longitude,Max Temp,Humidity,Cloudiness,Wind Speed,Country,Date,Lat,Lng,Hotel Name
0,dingle,48.24769046440144,-14.052342072779965,82.33,77.0,100.0,3.4,PH,1601428240.0,11.0111309,122.650351,Urban Sands Iloilo
1,busselton,-61.2634765810388,87.635957465471,64.0,80.0,99.0,10.42,AU,1601428240.0,-33.6531584,115.3454892,Pullman Bunker Bay Resort Margaret River Region
2,skala fourkas,39.70183957706692,23.407450091148966,62.01,59.0,0.0,8.99,GR,1601428241.0,40.0057436,23.4149339,Art Boutique Hotel
3,bonavista,51.274296064094756,-44.646373186375,60.44,92.0,46.0,17.76,CA,1601428241.0,48.6533449,-53.11182489999999,Seaport Inn Hotel & Restaurant
4,albany,-57.07086788687544,104.71736840886416,61.0,84.0,100.0,3.44,US,1601428241.0,42.6525793,-73.7562317,The Maker Hotel
5,taolanaro,-41.173635181693456,56.81731288315083,,,,,,,-25.0225309,46.9853688,Manafiafy Beach & Rainforest Lodge
6,clyde river,69.95638042885939,-70.69201644517179,28.4,79.0,90.0,11.41,CA,1601428242.0,70.47636500000002,-68.60126509999999,Naujaaraaluit – Clyde River Hotel
7,tautira,-17.085561774821542,-141.87116465312715,87.8,55.0,40.0,6.93,PF,1601428242.0,-17.7496214,-149.1611957,InterContinental Resort Tahiti
8,carnarvon,-25.94539548054124,109.64078005168079,66.2,59.0,0.0,16.11,AU,1601428242.0,-24.8877473,113.6621827,Coral Coast Tourist Park
9,mehamn,79.07257828213795,27.074956978221024,49.01,84.0,31.0,10.36,NO,1601428243.0,71.0357069,27.848941,Mehamn Arctic Hotel AS
10,makung,23.230282849805487,118.50061202843756,,,,,,,23.5706269,119.5774616,安泊旅店 Apause Hotel
11,victoria,-6.143577097774467,50.14148520920135,84.99,84.0,34.0,12.03,HK,1601428170.0,22.2799907,114.1587983,Pengheng Space Capsules Hotel
12,port alfred,-83.82157508137901,46.71724190544941,54.43,77.0,39.0,7.47,ZA,1601428244.0,-33.5864065,26.8851448,The House Quarters
13,isla aguada,19.522722006566514,-91.78883629013636,84.2,79.0,40.0,5.82,MX,1601428244.0,18.7842824,-91.4918344,City Express Junior Ciudad del Carmen Aeropuerto
14,maningrida,-10.301470317638646,133.67676530719,86.16,58.0,78.0,12.55,AU,1601428244.0,-12.0561356,134.2311504,Arnhem Land Barramundi Lodge
15,vaini,-44.07091239409386,-178.8504845714011,80.6,83.0,90.0,14.99,TO,1601428244.0,-21.1935,-175.1751534,Fafa Island Resort
16,lianran,24.57607625523244,101.56279327743003,70.0,100.0,90.0,6.71,CN,1601428245.0,24.916988,102.470972,Green Lake Hotel
17,berlevag,78.4257826816966,29.6397390459006,50.45,80.0,28.0,10.45,NO,1601428245.0,70.7198284,29.0300862,Båtsfjord Brygge AS
18,maceio,-18.894963812950078,-24.962449720981226,71.6,88.0,5.0,3.36,BR,1601428245.0,-9.6498487,-35.7089492,Pousada Ipioca Beach Village
19,areosa,41.62091665758561,-9.124040412516306,64.0,93.0,0.0,9.86,PT,1601428245.0,41.7151796,-8.8539092,Carmo's Boutique Hotel
20,port alfred,-85.69574957167626,45.310010214919224,54.43,77.0,39.0,7.47,ZA,1601428244.0,-33.5864065,26.8851448,The House Quarters
21,warrington,27.377992105472075,-87.18127486646219,50.0,93.0,61.0,11.41,GB,1601428246.0,53.3900441,-2.5969501,CitySuites Aparthotel Manchester
22,daye,30.18866545217897,115.0261204940233,72.57,81.0,10.0,1.57,CN,1601428246.0,30.095643,114.979875,Tonino Lamborghini Hotel Huangshi - Cihu Lake
23,kaitangata,-69.13937016055866,178.2822000286121,42.78,89.0,100.0,11.01,NZ,1601428246.0,-46.2859133,169.846066,Majestic Mansions - St Clair Apartments
24,cape town,-68.74640435422776,-11.351492359448994,55.0,76.0,31.0,10.29,ZA,1601428196.0,-33.9248685,18.4240553,Atlanticview Cape Town Boutique Hotel
25,emba,48.88602186206771,58.1702952572476,51.78,44.0,0.0,8.21,KZ,1601428247.0,,,
26,madras,12.283289326936696,82.7579580714771,77.0,88.0,90.0,9.17,IN,1601428107.0,13.0826802,80.2707184,SilverKey Executive Stays 60446 Sadha Siva 36th Street
27,yellowknife,88.10088001787165,-98.6264020824038,42.8,87.0,75.0,12.75,CA,1601428247.0,62.4539717,-114.3717887,The Explorer Hotel
28,iquique,-20.37410097689029,-72.12679933533086,60.8,72.0,40.0,11.41,CL,1601428247.0,-20.2307033,-70.1356692,Holiday Inn Express Iquique
29,ugoofaaru,5.874924157626237,72.41775618254462,81.81,73.0,100.0,9.33,MV,1601428248.0,5.6675876,73.03019680000001,Kudadoo Maldives Private Island
30,tiksi,87.46506513108982,127.50534768112031,33.76,97.0,100.0,14.03,RU,1601428248.0,71.63748199999999,128.8644716,Arktika
31,yellowknife,64.90499885345432,-117.53873314106205,42.8,87.0,75.0,12.75,CA,1601428247.0,62.4539717,-114.3717887,The Explorer Hotel
32,mata,20.362432935679635,111.94591859441601,57.0,87.0,100.0,1.01,PT,1601428248.0,26.2504608,-98.2219906,Hotel Posada San Antonio
33,rikitea,-57.129138695996936,-123.23198775400795,69.89,78.0,70.0,21.85,PF,1601428248.0,-23.1223034,-134.9691543,Pension Maro'i
34,makakilo city,5.477485027872761,-166.3281680884501,89.6,62.0,1.0,10.29,US,1601428249.0,21.3469444,-158.0858333,Waikiki Grand Hotel
35,arcata,40.686391719550784,-123.8679701884873,63.0,93.0,90.0,3.36,US,1601428249.0,40.8665166,-124.0828396,Trinidad Bay Bed & Breakfast Hotel
36,barrow,89.54751124128069,-156.83276451584706,33.8,80.0,90.0,11.41,US,1601428249.0,71.29055559999999,-156.788611,Top of the World Hotel
37,salur,18.401065295701827,83.05380372110403,76.15,89.0,100.0,3.04,IN,1601428197.0,18.5163848,83.20508629999999,WILD HILL TOP RESORT
38,mataura,-81.92318562612745,-155.42910940975852,42.91,95.0,100.0,7.2,NZ,1601428249.0,-46.193922,168.8655083,Kelvin Hotel
39,jamestown,-21.161074320772343,-12.500153273566582,55.99,81.0,90.0,6.93,US,1601428250.0,37.2116383,-76.7752102,Williamsburg Inn
40,aklavik,68.22718613596375,-137.39678676043982,41.0,80.0,75.0,6.93,CA,1601428250.0,68.219916,-135.0077881,Aklavik Inn
41,albany,-44.72177646176893,111.75269449123077,61.0,84.0,100.0,3.44,US,1601428241.0,42.6525793,-73.7562317,The Maker Hotel
42,kodiak,43.90517535127884,-147.63694091197226,48.2,87.0,90.0,28.86,US,1601428250.0,57.79000000000001,-152.4072221,Best Western Kodiak Inn and Convention Center
43,mataura,-79.60772912146669,-152.0431933873274,42.91,95.0,100.0,7.2,NZ,1601428249.0,-46.193922,168.8655083,Kelvin Hotel
44,namibe,-13.572322521716005,4.541894009045876,62.91,84.0,84.0,6.64,AO,1601428251.0,-15.1978317,12.1575544,Hotel ibis Styles Iu Namibe
45,tasiilaq,63.11482207702639,-38.21082554379001,32.0,92.0,100.0,4.7,GL,1601428251.0,65.6134561,-37.6335696,The Red House
46,xining,35.16004385672224,101.28734143594043,53.1,69.0,100.0,3.53,CN,1601428251.0,36.617134,101.778223,Sofitel Xining
47,punta arenas,-81.44987257914715,-102.24685091952507,33.8,86.0,40.0,26.4,CL,1601428251.0,-53.1638329,-70.9170683,Hotel Boutique Restaurant Kran Kreen
48,chagda,57.45512879700695,130.39771345042698,,,,,,,58.75177799999999,130.6163939,
49,arraial do cabo,-27.157765102124586,-39.290199474770326,75.2,88.0,75.0,5.82,BR,1601428253.0,-22.9673373,-42.0268099,Paradiso Peró Praia Hotel
50,ponta do sol,22.479540204808842,-42.317159367537926,69.8,68.0,75.0,6.93,PT,1601428253.0,32.6854883,-17.0864266,Hotel Calamar
51,saldanha,-37.85477713436247,7.859651932813108,48.2,81.0,39.0,4.7,ZA,1601428253.0,-33.0276981,17.9176312,Strandloper Ocean Boutique Hotel
52,taiyuan,37.90046021920118,112.10314114652401,57.2,76.0,73.0,2.24,CN,1601428147.0,37.87059,112.548879,Kempinski Hotel Taiyuan
53,vaini,-44.309036103079684,-169.50662122269753,80.6,83.0,90.0,14.99,TO,1601428244.0,-21.1935,-175.1751534,Fafa Island Resort
54,belushya guba,81.86958884433604,58.973936083770845,,,,,,,71.53903389999999,52.3381368,Sberbank Rossii
55,kapaa,28.94722434856291,-160.8119800387897,84.99,66.0,1.0,10.29,US,1601428254.0,22.0881391,-159.3379818,Hilton Garden Inn Kauai Wailua Bay
56,barawe,-3.516953864225598,48.33535386931527,,,,,,,1.1161954,44.0318162,Hotel Africa
57,russell,-30.356354244023198,178.76385168757378,62.6,93.0,40.0,3.42,US,1601428255.0,36.9142947,-93.90681769999999,Watermill Cove Resort
58,tilichiki,61.023599205099146,168.79662232399346,41.29,84.0,100.0,9.73,RU,1601428256.0,60.43333299999999,166.0486109,
59,lunenburg,43.770917835545,-63.868563690427806,66.99,98.0,72.0,10.49,CA,1601428256.0,44.3770053,-64.3188354,White Point Beach Resort
60,hermanus,-73.68953850450956,5.748760736764154,45.0,93.0,29.0,3.67,ZA,1601428256.0,-34.4092004,19.2504436,De Kelders PRIVATE Retreat & Eatery Gansbaai
61,miandrivazo,-19.74277151366149,44.839212891067326,74.41,59.0,0.0,1.79,MG,1601428256.0,-19.5354306,45.46157849999999,Princesse Tsiribihina
62,saleaula,-6.498497015459548,-169.15536450328761,,,,,,,-13.4482906,-172.3367114,Savaii Lagoon Resort
63,mataura,-86.9871847112649,-148.75365832548138,42.91,95.0,100.0,7.2,NZ,1601428249.0,-46.193922,168.8655083,Kelvin Hotel
64,dikson,75.38620880305194,85.49383465865583,36.09,82.0,100.0,16.15,RU,1601428258.0,73.507735,80.53103010000001,
65,ostrovnoy,72.44552117565189,43.95426207537181,46.08,79.0,0.0,18.37,RU,1601428258.0,68.0603191,39.4740385,
66,mataura,-84.37449141541691,-149.5994737169084,42.91,95.0,100.0,7.2,NZ,1601428249.0,-46.193922,168.8655083,Kelvin Hotel
67,ancud,-39.938790848121656,-98.54557822033705,37.99,93.0,100.0,5.82,CL,1601428258.0,-41.8675003,-73.8276965,Panamericana Hotel Ancud
68,lompoc,26.74359087956347,-130.08822297883853,62.6,82.0,1.0,14.99,US,1601428258.0,34.6391501,-120.4579409,"The Ritz-Carlton Bacara, Santa Barbara"
69,mataura,-49.99723206958925,-159.80648709796284,42.91,95.0,100.0,7.2,NZ,1601428249.0,-46.193922,168.8655083,Kelvin Hotel
70,forio,40.174915974052,13.022223519699082,62.6,82.0,0.0,2.24,IT,1601428259.0,40.7382914,13.8605512,Grand Hotel Il Moresco
71,albany,-82.54519948525662,98.49984184636831,61.0,84.0,100.0,3.44,US,1601428241.0,42.6525793,-73.7562317,Wheatleigh
72,walvis bay,-24.718904729039263,14.587522078008618,51.01,93.0,0.0,9.17,,1601428259.0,-22.9584081,14.5057511,Strand Hotel Swakopmund
73,nome,66.61931830361685,-167.01347919174057,43.0,60.0,75.0,8.05,US,1601428260.0,64.5011111,-165.4063889,Noxapaga Suites
74,jinchang,40.19762789080824,102.0953037074346,54.63,59.0,15.0,27.98,CN,1601428133.0,38.520089,102.188043,Jinchang Hotel
75,avarua,-56.54246684232069,-166.40397898932255,78.8,78.0,38.0,25.28,CK,1601428260.0,-21.2065593,-159.7758407,Little Polynesian Resort
76,busselton,-72.66273044429889,82.51307978710281,64.0,80.0,99.0,10.42,AU,1601428240.0,-33.6531584,115.3454892,Pullman Bunker Bay Resort Margaret River Region
77,vanimo,5.029410528185963,142.88856800147786,85.62,66.0,15.0,5.41,PG,1601428260.0,-2.6896767,141.2998457,Sandaun Surf Hotel
78,codrington,20.388179168409835,-56.42272877408404,57.0,89.0,100.0,14.27,AU,1601428261.0,-38.2561037,141.9397094,Deep Blue Hotel & Hot Springs
79,jacareacanga,-5.8958930983072415,-56.10681914773971,80.31,59.0,39.0,0.54,BR,1601428261.0,-6.2238568,-57.76075840000001,HOTEL VIANA
80,saleaula,3.064471282370235,-170.58983191537672,,,,,,,-13.4482906,-172.3367114,Savaii Lagoon Resort
81,paita,-8.704476719147905,-87.23155167428206,61.61,85.0,0.0,12.24,PE,1601428261.0,-5.0938488,-81.0962172,COSTA ESMERALDA INN SUITES & LODGE
82,punta arenas,-78.40752041061764,-95.40942094117241,33.8,86.0,40.0,26.4,CL,1601428251.0,-53.1638329,-70.9170683,Hotel Boutique Restaurant Kran Kreen
83,albany,-66.97131170787253,110.33415712791115,61.0,84.0,100.0,3.44,US,1601428241.0,42.6525793,-73.7562317,Wheatleigh
84,van wert,40.81607879688383,-84.72183260603559,55.99,76.0,1.0,7.18,US,1601428262.0,40.8694927,-84.58412229999999,Courtyard by Marriott Lima
85,geraldton,-33.62587552406351,94.70675422618143,66.2,59.0,0.0,12.75,AU,1601428100.0,-28.7796535,114.6144452,The Gerald Apartment Hotel
86,puerto ayora,-13.64002018684127,-105.33403413421888,68.0,91.0,65.0,10.0,EC,1601428262.0,-0.7432918,-90.3156893,Ninfa
87,jamestown,-19.00937923542536,-13.262383259631749,55.99,81.0,90.0,6.93,US,1601428250.0,37.2116383,-76.7752102,Williamsburg Inn
88,east london,-68.1555229425283,48.32883225153395,57.45,68.0,17.0,2.59,ZA,1601428263.0,-33.0291582,27.8545867,Prana Lodge
89,pierre,45.13290963193885,-100.73618589160994,77.0,25.0,1.0,10.29,US,1601428263.0,44.36678759999999,-100.3537522,Hitching Horse Inn
90,kruisfontein,-78.08209993535195,28.371831068032517,45.82,85.0,0.0,5.41,ZA,1601428263.0,-33.9843356,24.732102,J-Bay Zebra Lodge - Luxury Game Lodge
91,mar del plata,-49.56261944259557,-42.41797384171886,63.0,63.0,94.0,8.05,AR,1601428264.0,-38.0054771,-57.5426106,Solanas Playa Mar Del Plata Hotel
92,saint-louis,-23.058124483941103,53.869708842593695,86.0,70.0,0.0,2.24,SN,1601428264.0,16.0326307,-16.4818167,Maison d'hôtes Niokobokk
93,honiara,-14.503841993054055,156.2785340401092,89.6,59.0,20.0,13.87,SB,1601428264.0,-9.4456381,159.9728999,Coral Sea Resort & Casino
94,lebu,-29.256211746738096,-102.3831169162862,48.61,87.0,92.0,13.87,CL,1601428264.0,-37.6080479,-73.6514907,Hospedaje Piedra del Aguila
95,lasa,29.02323009845759,90.40408041661665,45.0,94.0,65.0,4.79,IT,1601428265.0,,,
96,severo-kurilsk,35.934229789720476,166.65516986288236,55.15,66.0,100.0,9.73,RU,1601428265.0,50.6683424,156.115192,Kak Doma
97,ushuaia,-67.88646176508,-39.259028477784646,33.8,80.0,40.0,13.87,AR,1601428002.0,-54.8019121,-68.3029511,Australis Kauyeken
98,ushuaia,-81.27977643864625,-31.75711391749192,33.8,80.0,40.0,13.87,AR,1601428002.0,-54.8019121,-68.3029511,Australis Kauyeken
99,georgetown,-19.98518854495488,-22.543255427644855,82.4,94.0,20.0,3.36,MY,1601428265.0,38.9076089,-77.07225849999999,"Four Seasons Hotel Washington, DC"
100,bluff,-62.69129677040868,161.79381635858897,48.42,81.0,84.0,17.49,NZ,1601428003.0,-46.5972245,168.3301997,Luna Sea Lodge
101,narsaq,75.08562809888011,-66.53260024765186,30.2,50.0,0.0,4.7,GL,1601428266.0,60.9129622,-46.0504831,Hotel Narsarsuaq
102,upernavik,78.26276200249328,-60.65901395709858,24.13,90.0,83.0,8.79,GL,1601428266.0,72.7862882,-56.1375527,Café de Upernavik
103,sayyan,16.161697280843228,46.94999413277435,57.67,40.0,7.0,1.66,YE,1601428266.0,15.1733158,44.3307515,Mövenpick Hotel Sana'a
104,hilo,4.698279705910736,-155.52974362773168,84.2,70.0,1.0,11.41,US,1601428266.0,19.7241106,-155.0868193,Oceanfront Legacy Vacation Rental
105,arak,33.84014056442801,49.43375148073719,43.92,71.0,0.0,2.62,IR,1601428267.0,34.0953553,49.7013486,Zagros Hotel
106,ushuaia,-79.2226458805097,-24.056061330526234,33.8,80.0,40.0,13.87,AR,1601428002.0,-54.8019121,-68.3029511,Australis Kauyeken
107,great yarmouth,54.05551578396712,2.9702191427819566,52.0,98.0,100.0,3.0,GB,1601428267.0,52.598233,1.728047,Gable End Hotel
108,butaritari,4.6017802763680615,163.64284596299342,82.18,75.0,4.0,14.34,KI,1601428267.0,3.1166667,172.8,
109,mataura,-85.53141267120519,-149.96524491848118,42.91,95.0,100.0,7.2,NZ,1601428249.0,-46.193922,168.8655083,Land's End Boutique Hotel
110,mataura,-76.30955527620245,-145.51783824239453,42.91,95.0,100.0,7.2,NZ,1601428249.0,-46.193922,168.8655083,Land's End Boutique Hotel
111,honningsvag,78.77074711229423,26.03205263201523,51.26,83.0,9.0,9.31,NO,1601428268.0,70.9822909,25.9702075,Arctic Hotel Nordkapp
112,kilis,36.864000676090285,37.05012064067492,77.0,36.0,0.0,5.82,TR,1601428268.0,36.716477,37.114661,Gaziantep Şirehan Hotel
113,new norfolk,-50.187926135371704,143.083932965987,63.0,69.0,90.0,1.01,AU,1601428268.0,-42.7828332,147.0593848,Claremont House
114,muroto,30.07608873732317,134.32895538420485,69.8,88.0,75.0,4.7,JP,1601428269.0,33.2899726,134.152103,BEACH HOUSE shishikui
115,hilo,11.502915923352461,-145.14137104898788,84.2,70.0,1.0,11.41,US,1601428266.0,19.7241106,-155.0868193,Oceanfront Legacy Vacation Rental
116,grindavik,61.631628952718366,-21.757182173622603,35.6,93.0,40.0,3.36,IS,1601428269.0,63.8441808,-22.4383818,Reykjavik Domes
117,bambous virieux,-37.58468936307153,81.42379964234425,70.0,94.0,40.0,6.93,MU,1601428269.0,-20.3438619,57.7636821,InterContinental Resort Mauritius
118,tuatapere,-51.62983952038112,161.18926063909362,47.19,80.0,100.0,9.35,NZ,1601428269.0,-46.1316001,167.6896954,Luna Sea Lodge
119,manyana,-23.550193553060513,20.562740675544347,53.28,28.0,0.0,8.57,BW,1601428270.0,-24.7711226,25.5897031,Grand Aria Hotels and Conference Centre
120,coihaique,-46.98597932504335,-77.87878658153178,39.2,51.0,20.0,5.82,CL,1601428270.0,-45.5712254,-72.068265,Nomades Hotel Boutique
121,sinnamary,13.220459321888185,-47.549362202252105,79.0,86.0,36.0,6.98,GF,1601428270.0,5.3746712,-52.9545991,HOTEL ATLANTIS
122,kapaa,38.32528507814948,-178.2814109204887,84.99,66.0,1.0,10.29,US,1601428254.0,22.0881391,-159.3379818,Hilton Garden Inn Kauai Wailua Bay
123,visby,58.28174639064051,19.896390648637805,39.2,100.0,0.0,2.24,SE,1601428271.0,57.6348,18.29484,Kalk Hotel
124,fortuna,37.268084301779574,-132.8637494731271,63.0,82.0,1.0,8.05,US,1601428271.0,40.5981867,-124.1572756,Coho Cottages
125,batagay-alyta,69.09697992518531,132.01229528210564,33.22,77.0,100.0,11.83,RU,1601428271.0,67.79280899999999,130.4017789,Batagay-Alyta
126,busselton,-34.97728236598298,115.29712364850042,64.0,80.0,99.0,10.42,AU,1601428240.0,-33.6531584,115.3454892,Pullman Bunker Bay Resort Margaret River Region
127,lorengau,7.645547451443704,146.1547980347645,85.86,68.0,100.0,9.75,PG,1601428271.0,-2.0298424,147.2743657,Seeadler Bay Hotel
128,arraial do cabo,-44.78727980947682,-26.439976967785267,75.2,88.0,75.0,5.82,BR,1601428253.0,-22.9673373,-42.0268099,Orlanova Boutique Hotel
129,lavrentiya,65.61220166117957,-170.22487230401097,37.9,76.0,0.0,0.96,RU,1601428272.0,65.58354899999999,-171.0389249,
130,bambous virieux,-37.07064488861933,82.75597622061201,70.0,94.0,40.0,6.93,MU,1601428269.0,-20.3438619,57.7636821,InterContinental Resort Mauritius
131,vaini,-79.64305413789562,-168.21058461505294,80.6,83.0,90.0,14.99,TO,1601428244.0,-21.1935,-175.1751534,Fafa Island Resort
132,east london,-46.35318025732371,40.263755348691355,57.45,68.0,17.0,2.59,ZA,1601428263.0,-33.0291582,27.8545867,Prana Lodge
133,magistralnyy,56.349649961235116,107.26486634510628,39.27,93.0,100.0,2.93,RU,1601428273.0,56.1676217,107.4356277,Магистраль
134,arona,25.34732705673557,-17.49322789394401,73.4,64.0,20.0,10.29,ES,1601428273.0,28.0486003,-16.6645007,Royal Hideaway Corales Beach - Adults Only
135,port elizabeth,-63.430013735198486,29.507221339149538,48.2,93.0,0.0,4.7,ZA,1601428273.0,-33.9608369,25.6022423,"Radisson Blu Hotel, Port Elizabeth"
136,pussi,59.41189546422572,27.01643736335177,54.23,94.0,100.0,4.68,EE,1601428273.0,,,
137,ixtapa,4.814468193545579,-108.09724810149108,87.8,70.0,40.0,8.05,MX,1601428273.0,17.6625661,-101.58734,Cala de Mar Resort & Spa Ixtapa
138,cabo san lucas,13.972453552217926,-120.08164650164149,88.0,58.0,5.0,6.93,MX,1601428269.0,22.8905327,-109.9167371,Nobu Hotel Los Cabos
139,puerto ayora,-9.150109671581689,-110.80654075501171,68.0,91.0,65.0,10.0,EC,1601428262.0,-0.7432918,-90.3156893,Ninfa
140,kresttsy,58.291612185248745,32.79970516163763,47.89,94.0,0.0,4.34,RU,1601428274.0,58.2479146,32.5112292,Gostivoy Dom Soroka
141,chokurdakh,87.66133057307104,154.11973975077768,43.34,75.0,100.0,7.43,RU,1601428274.0,70.622169,147.916168,Sberbank Rossii
142,tournon-sur-rhone,45.17714716223213,4.836162687946113,52.0,90.0,0.0,2.8,FR,1601428275.0,45.067915,4.832136999999999,Maison Pic
143,nalut,29.31119101494765,8.63596617750295,72.25,56.0,0.0,9.17,LY,1601428275.0,31.8742348,10.9750484,فندق تبرس
144,husavik,80.87627216391374,-6.073794634159981,33.8,81.0,90.0,2.24,IS,1601428275.0,66.0449706,-17.3383442,Sunnuhlid houses
145,rikitea,-62.662690702223365,-129.58824235929512,69.89,78.0,70.0,21.85,PF,1601428248.0,-23.1223034,-134.9691543,Pension Maro'i
146,busselton,-76.28377571435635,84.59748679041013,64.0,80.0,99.0,10.42,AU,1601428240.0,-33.6531584,115.3454892,Pullman Bunker Bay Resort Margaret River Region
147,ornskoldsvik,65.0686606696804,18.024114649697534,48.2,100.0,90.0,2.24,SE,1601428276.0,63.2899004,18.7245786,Elite Plaza Hotel Örnsköldsvik
148,illoqqortoormiut,78.90222433143158,-12.941383783134198,,,,,,,70.48556909999999,-21.9628757,فندق إيتوكوتورميت
149,ribeira grande,40.5020509629675,-36.196328595099494,66.47,69.0,1.0,10.29,PT,1601428277.0,37.8210369,-25.5148137,"Senhora da Rosa, Tradition & Nature Hotel"
150,hilo,31.51735297668796,-145.12057779029655,84.2,70.0,1.0,11.41,US,1601428266.0,19.7241106,-155.0868193,Oceanfront Legacy Vacation Rental
151,namatanai,3.807565693042875,158.60544512830714,85.21,69.0,100.0,3.15,PG,1601428277.0,-3.6692081,152.4063941,Namatanai Hotel
152,nome,62.59135376897191,-168.3562208274578,43.0,60.0,75.0,8.05,US,1601428260.0,64.5011111,-165.4063889,Noxapaga Suites
153,nizhneyansk,73.42250121428515,136.42261284579746,,,,,,,71.450058,136.1122279,Sberbank Rossii
154,vaini,-72.9433112424999,-173.8068529664378,80.6,83.0,90.0,14.99,TO,1601428244.0,-21.1935,-175.1751534,Fafa Island Resort
155,fairbanks,66.81422277203299,-146.84706004616092,55.4,43.0,1.0,4.25,US,1601428279.0,64.8377778,-147.7163888,Aurora Villa
156,yellowknife,72.0091035687327,-116.13628734332504,42.8,87.0,75.0,12.75,CA,1601428247.0,62.4539717,-114.3717887,The Explorer Hotel
157,norman wells,70.76848820868088,-121.60788632310543,44.6,65.0,75.0,9.17,CA,1601428280.0,65.28149379999999,-126.8286524,Heritage Hotel
158,new norfolk,-50.750011732065104,143.39250559353889,63.0,69.0,90.0,1.01,AU,1601428268.0,-42.7828332,147.0593848,Claremont House
159,san nicolas,14.844265937929721,119.38612790162466,78.8,88.0,75.0,4.7,PH,1601428280.0,18.1470823,120.5854674,Playa Tropical Resort Hotel
160,amalapuram,15.42735166999617,82.7337118755947,78.8,88.0,90.0,5.82,IN,1601428194.0,16.5774798,82.0031455,Sterling Palavelli Godavari
161,atuona,-5.610559374814031,-125.36497019490456,78.4,75.0,0.0,17.94,PF,1601428280.0,-9.8028605,-139.0398069,Hôtel Hiva Oa Hanakee Lodge
162,taolanaro,-85.47175633896275,68.31180972764918,,,,,,,-25.0225309,46.9853688,Manafiafy Beach & Rainforest Lodge
163,alice springs,-24.795133241621198,135.54065744526235,75.0,40.0,0.0,13.87,AU,1601428003.0,-23.698042,133.8807471,DoubleTree by Hilton Hotel Alice Springs
164,hermanus,-76.87725995904181,-1.4922312761758008,45.0,93.0,29.0,3.67,ZA,1601428256.0,-34.4092004,19.2504436,Ocean Eleven
165,tuktoyaktuk,82.10268436070541,-120.89799769431662,37.4,93.0,90.0,2.24,CA,1601428281.0,69.445358,-133.034181,Hunter's B&B
166,vanimo,3.9545591336251382,141.38607675047226,85.62,66.0,15.0,5.41,PG,1601428260.0,-2.6896767,141.2998457,Sandaun Surf Hotel
167,bluff,-79.36083401144087,157.84895362551183,48.42,81.0,84.0,17.49,NZ,1601428003.0,-46.5972245,168.3301997,Luna Sea Lodge
168,rikitea,-15.696119812087359,-128.89281825992916,69.89,78.0,70.0,21.85,PF,1601428248.0,-23.1223034,-134.9691543,Pension Maro'i
169,hobart,-75.4292453777876,136.55287485990868,63.0,62.0,75.0,11.41,AU,1601428065.0,-42.8821377,147.3271949,Hotel Grand Chancellor Hobart
170,middletown,41.515299784826475,-74.50991022023474,53.01,100.0,90.0,7.23,US,1601428282.0,39.449556,-75.7163207,HOTEL DU PONT
171,yasnyy,51.02231323910928,60.33649926309954,48.13,74.0,0.0,8.61,RU,1601428282.0,51.0329523,59.8801448,Kosmos
172,faanui,-10.959983831843886,-154.20626935973075,78.44,79.0,2.0,21.43,PF,1601428283.0,-16.4867378,-151.7429125,InterContinental Bora Bora Resort Thalasso Spa
173,arraial do cabo,-42.31839082252039,-30.570235835166983,75.2,88.0,75.0,5.82,BR,1601428253.0,-22.9673373,-42.0268099,Orlanova Boutique Hotel
174,tuatapere,-59.589751391708546,155.54448245756078,47.19,80.0,100.0,9.35,NZ,1601428269.0,-46.1316001,167.6896954,Luna Sea Lodge
175,rikitea,-40.23617671028029,-134.95030059117641,69.89,78.0,70.0,21.85,PF,1601428248.0,-23.1223034,-134.9691543,Pension Maro'i
176,saint-philippe,-53.14929340081255,70.61488171081214,68.0,72.0,38.0,5.82,RE,1601428284.0,-21.358118,55.764656,Palm Hotel & Spa
177,altay,47.64161407805679,87.38107176889825,35.47,81.0,95.0,0.74,CN,1601428284.0,47.844924,88.14125299999999,SILVERWATER HOTEL
178,mataura,-39.309570258570695,-150.1254070680038,42.91,95.0,100.0,7.2,NZ,1601428249.0,-46.193922,168.8655083,Land's End Boutique Hotel
179,rikitea,-51.560971726108754,-113.08743737956684,69.89,78.0,70.0,21.85,PF,1601428248.0,-23.1223034,-134.9691543,Pension Maro'i
180,kuching,2.6170841067455086,110.69149275020777,80.6,88.0,20.0,2.24,MY,1601428284.0,1.553504,110.3592927,The Waterfront Hotel
181,dafeng,33.4940835698043,121.21352203587305,77.94,76.0,24.0,6.06,CN,1601428285.0,33.200333,120.50085,Aloft Yancheng
182,rawson,-48.74986149874103,-58.52623003271607,48.2,84.0,100.0,9.24,AR,1601428285.0,-43.2998581,-65.09948729999999,Apart Hotel Argenta
183,barrow,83.49656560212621,-160.94672009836376,33.8,80.0,90.0,11.41,US,1601428249.0,71.29055559999999,-156.788611,Top of the World Hotel
184,ushuaia,-89.34210539826141,-57.552218796906644,33.8,80.0,40.0,13.87,AR,1601428002.0,-54.8019121,-68.3029511,Wyndham Garden Ushuaia Hotel del Glaciar
185,alofi,-17.57872961046445,-168.72588198299528,82.4,69.0,75.0,18.34,NU,1601428233.0,-19.0553711,-169.9178709,Scenic Matavai Resort Niue
186,hofn,64.32926125921989,-15.6480409219902,48.83,93.0,100.0,22.91,IS,1601428286.0,64.24970259999999,-15.2020077,Bragdavellir Cottages
187,punta arenas,-83.54421191962973,-96.78329253087013,33.8,86.0,40.0,26.4,CL,1601428251.0,-53.1638329,-70.9170683,Hotel José Nogueira
188,fortuna,38.52095662538861,-127.29593321654232,63.0,82.0,1.0,8.05,US,1601428271.0,40.5981867,-124.1572756,Gingerbread Mansion Inn
189,ushuaia,-63.21085865560485,-74.84544455784358,33.8,80.0,40.0,13.87,AR,1601428002.0,-54.8019121,-68.3029511,Wyndham Garden Ushuaia Hotel del Glaciar
190,port lincoln,-50.44783126180091,129.33329529437125,62.13,70.0,100.0,21.03,AU,1601428003.0,-34.7239963,135.8611498,Marina Hotel
191,hobart,-76.10884706105723,139.17088159340608,63.0,62.0,75.0,11.41,AU,1601428065.0,-42.8821377,147.3271949,Hotel Grand Chancellor Hobart
192,vaini,-28.66510370154965,-177.46337947918755,80.6,83.0,90.0,14.99,TO,1601428244.0,-21.1935,-175.1751534,Fafa Island Resort
193,oriximina,0.32394562023168305,-55.29759847248452,87.62,44.0,0.0,7.4,BR,1601428287.0,-1.7618311,-55.86381549999999,Hotel Mapuera
194,bend,43.539866383712756,-121.64047018664944,86.0,15.0,1.0,8.05,US,1601428287.0,44.0581728,-121.3153096,Riverhouse on the Deschutes
195,chokurdakh,70.81675494069162,145.53283076061155,43.34,75.0,100.0,7.43,RU,1601428274.0,70.622169,147.916168,Sberbank Rossii
196,hilo,7.812513871475204,-156.89440972236534,84.2,70.0,1.0,11.41,US,1601428266.0,19.7241106,-155.0868193,Oceanfront Legacy Vacation Rental
197,tiksi,83.82915216724156,124.7846765708956,33.76,97.0,100.0,14.03,RU,1601428248.0,71.63748199999999,128.8644716,Arktika
198,chuy,-53.42114782841739,-30.992348692533113,52.12,85.0,3.0,7.47,UY,1601428288.0,-33.692754,-53.4552817,Cabañas Utopía
199,esperance,-29.524626117681,120.94257611500427,59.0,100.0,0.0,11.41,AU,1601428289.0,-33.8613103,121.8914238,The Jetty Resort
200,rio rancho,35.5642638387212,-107.17347034927168,73.99,8.0,1.0,4.7,US,1601428289.0,35.2327544,-106.6630437,Tru by Hilton Albuquerque North I-25
201,oga,40.89196539573615,137.18505564081892,45.0,100.0,75.0,2.24,IT,1601428289.0,46.46225080000001,10.3471967,Hotel Edelweiß
202,avarua,-48.32116007129032,-161.44758319379463,78.8,78.0,38.0,25.28,CK,1601428260.0,-21.2065593,-159.7758407,Little Polynesian Resort
203,svetlogorsk,66.80679287385863,91.0517948225484,57.34,65.0,100.0,10.89,BY,1601428289.0,54.9394562,20.1584706,"""HARTMAN"" Hotel & Restaurant"
204,carira,-10.151969592338956,-37.96312081778183,65.73,91.0,0.0,7.16,BR,1601428290.0,-10.3561338,-37.7022171,Hotel Barreto
205,illoqqortoormiut,81.41905841282932,-9.414350848944538,,,,,,,70.48556909999999,-21.9628757,فندق إيتوكوتورميت
206,agirish,62.62288626295583,63.130402937754745,44.19,94.0,80.0,6.33,RU,1601428290.0,61.9276281,63.016679,Sberbank Rossii
207,aykhal,67.96234396466625,107.6432122524293,23.0,92.0,90.0,6.71,RU,1601428290.0,65.94171899999999,111.4881131,Гостиница Айхал
208,saskylakh,89.40040046939552,114.95174111385175,27.91,95.0,17.0,5.73,RU,1601428291.0,71.954308,114.1198349,
209,saleaula,3.1289189941101228,-170.3913776558979,,,,,,,-13.4482906,-172.3367114,Savaii Lagoon Resort
210,caravelas,-18.464448560410272,-34.21547257912849,74.08,85.0,0.0,7.0,BR,1601428291.0,-17.7337668,-39.2652781,Hotel Brisa dos Abrolhos
211,busselton,-72.4056941559644,94.27766276688163,64.0,80.0,99.0,10.42,AU,1601428240.0,-33.6531584,115.3454892,Pullman Bunker Bay Resort Margaret River Region
212,castro,-58.304482585168714,-111.60014010785378,64.38,93.0,1.0,4.29,BR,1601428291.0,,,
213,whitecourt,54.24907242507703,-115.20332971422786,57.2,26.0,20.0,14.99,CA,1601428292.0,54.1273952,-115.6654225,The Kanata Inns - Whitecourt Hotel
214,georgetown,-0.1880474675348296,-18.740028707484868,82.4,94.0,20.0,3.36,MY,1601428265.0,38.9076089,-77.07225849999999,Yours Truly DC Hotel
215,chipinge,-21.335345139769586,33.77850824399516,62.24,98.0,89.0,3.36,ZW,1601428292.0,-20.1938273,32.6205674,Heaven Lodge
216,chake chake,-5.610287715845146,41.83029936924001,75.16,82.0,87.0,4.88,TZ,1601428292.0,-5.2505483,39.7807076,The Manta Resort - Pemba Island
217,amuntai,-0.5140260768681912,114.1839900990392,84.25,67.0,57.0,0.94,ID,1601428293.0,-2.416604,115.239098,Aston Tanjung City Hotel
218,vostok,47.55357717252149,147.04276938167203,51.17,68.0,0.0,3.36,RU,1601428293.0,,,
219,thompson,70.38989374411636,-100.43379505971943,50.0,76.0,75.0,4.7,CA,1601428293.0,38.23917,-122.28056,Bann at Oak Knoll Napa Hotel
220,bosaso,12.602010070485944,48.44366724943464,83.28,63.0,0.0,2.98,SO,1601428293.0,11.2755407,49.1878994,Gacayte Hotel
221,puerto ayora,-24.680902034379603,-102.38219200818413,68.0,91.0,65.0,10.0,EC,1601428262.0,-0.7432918,-90.3156893,Ninfa
222,punta arenas,-73.92048585069745,-96.30132617070619,33.8,86.0,40.0,26.4,CL,1601428251.0,-53.1638329,-70.9170683,Hotel José Nogueira
223,nikolskoye,52.1140908558451,174.62953807666213,52.0,93.0,75.0,2.24,RU,1601428294.0,55.1981604,166.0015368,
224,hilo,13.540530240749021,-135.613632588953,84.2,70.0,1.0,11.41,US,1601428266.0,19.7241106,-155.0868193,Oceanfront Legacy Vacation Rental
225,haines junction,62.32545767512701,-142.44816036157306,45.64,59.0,100.0,1.57,CA,1601428294.0,60.7544541,-137.5117819,Raven's Rest Inn
226,hermanus,-50.180710833899575,11.52641537783407,45.0,93.0,29.0,3.67,ZA,1601428256.0,-34.4092004,19.2504436,Benguela Accommodation Gansbaai
227,urumqi,43.80829101292244,88.88917204218939,42.8,45.0,0.0,6.71,CN,1601428295.0,43.825592,87.61684799999999,Hilton Urumqi
228,vanimo,3.265158527412368,142.1453518655233,85.62,66.0,15.0,5.41,PG,1601428260.0,-2.6896767,141.2998457,Sandaun Surf Hotel
229,kapaa,11.21478589995732,-165.12793504390098,84.99,66.0,1.0,10.29,US,1601428254.0,22.0881391,-159.3379818,Hilton Garden Inn Kauai Wailua Bay
230,samusu,-11.12277326942278,-163.88067223878582,,,,,,,-14.0056774,-171.4299586,Saletoga Sands Resort & Spa
231,avarua,-52.005425317078235,-161.2648929374561,78.8,78.0,38.0,25.28,CK,1601428260.0,-21.2065593,-159.7758407,Little Polynesian Resort
232,esperance,-54.17852804356996,125.71062143885591,59.0,100.0,0.0,11.41,AU,1601428289.0,-33.8613103,121.8914238,The Jetty Resort
233,samur,41.65208003240002,48.51671458901285,55.27,68.0,81.0,8.23,RU,1601428297.0,41.4838704,47.6126948,Macara Sheki City Hotel
234,punta arenas,-76.42574103909253,-120.69375602260136,33.8,86.0,40.0,26.4,CL,1601428251.0,-53.1638329,-70.9170683,Hotel José Nogueira
235,rikitea,-62.57814172761972,-115.2896475468846,69.89,78.0,70.0,21.85,PF,1601428248.0,-23.1223034,-134.9691543,Pension Maro'i
236,mar del plata,-69.60257069047312,-21.643133175731574,63.0,63.0,94.0,8.05,AR,1601428264.0,-38.0054771,-57.5426106,Lombis Lodge
237,mataura,-79.42510058200077,-146.20462909236738,42.91,95.0,100.0,7.2,NZ,1601428249.0,-46.193922,168.8655083,Land's End Boutique Hotel
238,irbeyskoye,55.345945469648846,95.33374846674671,31.12,95.0,0.0,2.89,RU,1601428298.0,55.6389229,95.4561509,Мотель Канны
239,pisco,-20.331622479193076,-84.44507635389259,62.6,82.0,19.0,17.22,PE,1601428298.0,-13.7134562,-76.1841701,"Hotel Paracas, a Luxury Collection Resort, Paracas"
240,upernavik,70.71799958339463,-61.267134935472576,24.13,90.0,83.0,8.79,GL,1601428266.0,72.7862882,-56.1375527,Café de Upernavik
241,norman wells,65.02451531099092,-129.99574202662254,44.6,65.0,75.0,9.17,CA,1601428280.0,65.28149379999999,-126.8286524,Heritage Hotel
242,vaini,-30.26056297000329,-174.46186539532837,80.6,83.0,90.0,14.99,TO,1601428244.0,-21.1935,-175.1751534,Fafa Island Resort
243,katsuura,21.046084186301442,152.61550597397223,73.99,50.0,1.0,5.01,JP,1601428299.0,35.1522272,140.3208833,Splash Guest House
244,busselton,-57.362101699270866,91.85793237686985,64.0,80.0,99.0,10.42,AU,1601428240.0,-33.6531584,115.3454892,Pullman Bunker Bay Resort Margaret River Region
245,albany,-83.88789750751782,106.54098249386855,61.0,84.0,100.0,3.44,US,1601428241.0,42.6525793,-73.7562317,Wheatleigh
246,coquimbo,-28.273464082469744,-76.9541900732295,53.6,76.0,0.0,6.93,CL,1601428299.0,-29.9590009,-71.3389183,Palmas de La Serena Hotel & Convention Center
247,east london,-77.22193675532031,54.00626658287192,57.45,68.0,17.0,2.59,ZA,1601428263.0,-33.0291582,27.8545867,Prana Lodge
248,khatanga,78.3054735719339,104.96912248989464,30.97,99.0,100.0,13.29,RU,1601428300.0,71.964027,102.4406129,"Gostinitsa ""Zapolyar'ye"""
249,nikolskoye,47.80496378930178,172.39249822256897,52.0,93.0,75.0,2.24,RU,1601428294.0,55.1981604,166.0015368,
250,sosua,19.97912739107346,-70.41943528310374,78.8,94.0,75.0,7.72,DO,1601428300.0,19.7519321,-70.5189177,Natura Cabana Boutique Hotel & Spa
251,ushuaia,-71.08293861039255,-54.38643782019052,33.8,80.0,40.0,13.87,AR,1601428002.0,-54.8019121,-68.3029511,Australis Kauyeken
252,bluff,-80.38142016241824,158.23463222246738,48.42,81.0,84.0,17.49,NZ,1601428003.0,-46.5972245,168.3301997,Luna Sea Lodge
253,saint-philippe,-55.02366781557557,72.30959873122646,68.0,72.0,38.0,5.82,RE,1601428284.0,-21.358118,55.764656,Palm Hotel & Spa
254,rikitea,-48.17034169243859,-112.13226906437008,69.89,78.0,70.0,21.85,PF,1601428248.0,-23.1223034,-134.9691543,Pension Maro'i
255,atuona,5.044101371006022,-143.60528485626924,78.4,75.0,0.0,17.94,PF,1601428280.0,-9.8028605,-139.0398069,Hôtel Hiva Oa Hanakee Lodge
256,mataura,-27.348758610861893,-143.72878718650557,42.91,95.0,100.0,7.2,NZ,1601428249.0,-46.193922,168.8655083,Land's End Boutique Hotel
257,rapid city,43.506387699066856,-103.34299811381348,71.6,28.0,1.0,11.41,US,1601428302.0,44.0805434,-103.2310149,Under Canvas Mount Rushmore
258,richards bay,-31.768745003524536,35.789194106489454,61.56,85.0,87.0,4.92,ZA,1601428302.0,-28.7807276,32.0382856,Hippo Lodge - St Lucia
259,komsomolskiy,74.05738846114488,173.11010056904973,55.4,58.0,100.0,2.24,UZ,1601428302.0,,,
260,severo-kurilsk,45.839210963615464,161.7931595510801,55.15,66.0,100.0,9.73,RU,1601428265.0,50.6683424,156.115192,Kak Doma
261,illoqqortoormiut,70.12849051296183,-23.7552550714276,,,,,,,70.48556909999999,-21.9628757,فندق إيتوكوتورميت
262,adrar,29.411387938083447,-1.54832421650255,90.81,19.0,0.0,8.77,MR,1601428303.0,19.8652176,-12.8054753,Erch Camp
263,yellowknife,89.83721511191183,-105.82772680561857,42.8,87.0,75.0,12.75,CA,1601428247.0,62.4539717,-114.3717887,Blachford Lake Lodge
264,nantucket,38.97227692932029,-67.92489345692974,66.2,93.0,90.0,9.17,US,1601428303.0,41.2834704,-70.099451,The Wauwinet
265,vanavara,59.135850011725246,101.23945551262466,29.61,93.0,0.0,5.44,RU,1601428304.0,60.3394104,102.2965426,Russia
266,airai,18.875674822809568,146.5960182323764,76.08,40.0,100.0,5.97,TL,1601428304.0,7.396611799999999,134.5690225,Palau Pacific Resort
267,mataura,-76.02094107431745,-144.56831245174712,42.91,95.0,100.0,7.2,NZ,1601428249.0,-46.193922,168.8655083,Land's End Boutique Hotel
268,jabiru,-12.105566222191058,133.06911986060345,,,,,,,,,
269,aswan,21.958772923301453,32.203724361033125,82.22,22.0,0.0,5.84,EG,1601428304.0,24.088938,32.8998293,Kendaka Nubian House
270,rikitea,-59.801493349342785,-125.15422357141951,69.89,78.0,70.0,21.85,PF,1601428248.0,-23.1223034,-134.9691543,Pension Maro'i
271,ushuaia,-81.46931710003284,-80.43705220235799,33.8,80.0,40.0,13.87,AR,1601428002.0,-54.8019121,-68.3029511,Australis Kauyeken
272,kapaa,37.39096313645639,-164.24424698675517,84.99,66.0,1.0,10.29,US,1601428254.0,22.0881391,-159.3379818,Hilton Garden Inn Kauai Wailua Bay
273,carnarvon,-29.8415145009942,101.7682997460243,66.2,59.0,0.0,16.11,AU,1601428242.0,-24.8877473,113.6621827,Coral Coast Tourist Park
274,san jose,7.508569252602242,-93.59507458965578,81.0,50.0,75.0,12.75,US,1601428305.0,37.3382082,-121.8863286,FOUND Hotel San Francisco
275,preston,42.596738865867906,-111.39185270776883,48.99,89.0,94.0,9.08,GB,1601428306.0,53.763201,-2.70309,The Mitre Hotel
276,esperance,-28.450111302533454,124.68828754996956,59.0,100.0,0.0,11.41,AU,1601428289.0,-33.8613103,121.8914238,The Jetty Resort
277,vaini,-75.63436555926043,-176.40372931441289,80.6,83.0,90.0,14.99,TO,1601428244.0,-21.1935,-175.1751534,Fafa Island Resort
278,tasiilaq,59.323412283030784,-36.44459774397495,32.0,92.0,100.0,4.7,GL,1601428251.0,65.6134561,-37.6335696,The Red House
279,leningradskiy,74.81322804641661,178.1319728064561,37.98,76.0,75.0,7.09,RU,1601428307.0,55.7760848,37.655356,Moscow Marriott Grand Hotel
280,les cayes,16.43069347137059,-73.67504778425484,80.92,81.0,100.0,6.49,HT,1601428307.0,18.2042851,-73.7536695,Villa Orphee
281,ponta do sol,15.99996310348132,-40.37978668243005,69.8,68.0,75.0,6.93,PT,1601428253.0,32.6854883,-17.0864266,Hotel Calamar
282,rikitea,-67.30893877635125,-116.67778377512137,69.89,78.0,70.0,21.85,PF,1601428248.0,-23.1223034,-134.9691543,Pension Maro'i
283,lorengau,9.404009317698497,147.00438053161344,85.86,68.0,100.0,9.75,PG,1601428271.0,-2.0298424,147.2743657,Lorengau Harbourside Hotel
284,ribeira grande,38.16457983810662,-35.88938474659014,66.47,69.0,1.0,10.29,PT,1601428277.0,37.8210369,-25.5148137,"Senhora da Rosa, Tradition & Nature Hotel"
285,uray,60.7490282291464,64.5836061597762,42.44,94.0,8.0,6.38,RU,1601428308.0,60.12543359999999,64.8066207,Hotel Pioner
286,kaitangata,-51.610154730872324,170.56396540104197,42.78,89.0,100.0,11.01,NZ,1601428246.0,-46.2859133,169.846066,Hotel Saint Clair
287,albany,-53.15298022861812,107.05477945572977,61.0,84.0,100.0,3.44,US,1601428241.0,42.6525793,-73.7562317,Wheatleigh
288,rikitea,-57.03748934753152,-121.64945895775196,69.89,78.0,70.0,21.85,PF,1601428248.0,-23.1223034,-134.9691543,Pension Maro'i
289,amderma,70.11248017186932,58.92187787121401,,,,,,,69.751221,61.6636961,
290,rikitea,-30.316364705721327,-124.46122718640369,69.89,78.0,70.0,21.85,PF,1601428248.0,-23.1223034,-134.9691543,Pension Maro'i
291,leiyang,26.137404281344573,112.89932069998804,68.61,94.0,100.0,4.81,CN,1601428310.0,26.422277,112.859759,HengNan Jun to grand Hotel
292,ushuaia,-63.392852085572,-67.19202477261186,33.8,80.0,40.0,13.87,AR,1601428002.0,-54.8019121,-68.3029511,Australis Kauyeken
293,karakendzha,39.17837485885568,71.21781567802003,,,,,,,39.24299999999999,71.527924,Hotel-Hostel Iroda (The Nearest Hotel the Fortress and Hot Source.)
294,port hedland,-17.49465351903396,117.01683194117254,93.2,10.0,18.0,17.22,AU,1601428311.0,-20.3839142,118.6483796,The Esplanade Hotel
295,mookane,-23.852362606125087,26.26223268784545,61.32,88.0,0.0,6.55,BW,1601428311.0,-23.6926,26.656281,Tweerivier Game Farm
296,bluff,-74.37112109517693,168.61352432431426,48.42,81.0,84.0,17.49,NZ,1601428003.0,-46.5972245,168.3301997,Luna Sea Lodge
297,praia da vitoria,44.045930051770476,-25.17023634138891,66.2,72.0,75.0,7.23,PT,1601428311.0,38.7339162,-27.0646976,Caparica Azores Ecolodge
298,rikitea,-28.8248470059238,-132.34980005324724,69.89,78.0,70.0,21.85,PF,1601428248.0,-23.1223034,-134.9691543,Pension Maro'i
299,vaini,-89.48541160850786,-174.63554774894112,80.6,83.0,90.0,14.99,TO,1601428244.0,-21.1935,-175.1751534,Fafa Island Resort
300,tuktoyaktuk,87.96574935531046,-125.49738748546724,37.4,93.0,90.0,2.24,CA,1601428281.0,69.445358,-133.034181,Hunter's B&B
301,mataura,-54.82892852463254,-161.4227960331294,42.91,95.0,100.0,7.2,NZ,1601428249.0,-46.193922,168.8655083,Land's End Boutique Hotel
302,puerto ayora,-6.10341272434971,-99.56308970664944,68.0,91.0,65.0,10.0,EC,1601428262.0,-0.7432918,-90.3156893,Escalesia SeaFront
303,nantucket,39.82043630318444,-70.8189750839433,66.2,93.0,90.0,9.17,US,1601428303.0,41.2834704,-70.099451,The Wauwinet
304,rikitea,-43.1645210360257,-127.43144532873852,69.89,78.0,70.0,21.85,PF,1601428248.0,-23.1223034,-134.9691543,Pension Maro'i
305,tiksi,74.19081268615972,122.81233218615263,33.76,97.0,100.0,14.03,RU,1601428248.0,71.63748199999999,128.8644716,Arktika
306,belushya guba,87.8769950087605,48.12966287724305,,,,,,,71.53903389999999,52.3381368,Sberbank Rossii
307,gallup,36.50848387190342,-109.71410534581007,78.8,6.0,1.0,12.75,US,1601428313.0,35.528545,-108.741962,El Rancho Hotel
308,albany,-64.26347268397475,102.59298299228493,61.0,84.0,100.0,3.44,US,1601428241.0,42.6525793,-73.7562317,Wheatleigh
309,hobart,-76.37506983918175,136.15617488224294,63.0,62.0,75.0,11.41,AU,1601428065.0,-42.8821377,147.3271949,Claremont House
310,torbay,44.17557105270575,-40.576568255415204,64.0,1.0,4.0,4.0,CA,1601428314.0,47.6580777,-52.7355238,Whale House Guest House
311,laguna,-29.00774791876828,-47.581552755171,96.01,20.0,1.0,3.36,US,1601428314.0,33.5427189,-117.7853568,Montage Laguna Beach
312,ribeira grande,33.25451804457869,-32.77736762515286,66.47,69.0,1.0,10.29,PT,1601428277.0,37.8210369,-25.5148137,"Senhora da Rosa, Tradition & Nature Hotel"
313,lagoa,51.69354130685917,-31.88371025459045,66.51,68.0,2.0,7.72,PT,1601428315.0,37.1356176,-8.4514359,VILA VITA Parc Resort & Spa
314,new norfolk,-45.672191379677535,144.28041531105544,63.0,69.0,90.0,1.01,AU,1601428268.0,-42.7828332,147.0593848,Hotel Grand Chancellor Hobart
315,manokwari,2.706444835595917,134.00932557331112,84.81,64.0,24.0,4.21,ID,1601428315.0,-0.8614531,134.0620421,Swiss Belhotel Manokwari
316,pimentel,-11.836815816861787,-87.81397469313075,61.27,87.0,0.0,12.17,PE,1601428315.0,,,
317,benjamin constant,-5.1323915298387845,-69.89209632948415,75.2,94.0,100.0,1.12,BR,1601428316.0,-4.5204349,-69.9550338,Hotel Utüane
318,qaanaaq,84.82962124723878,-77.91232457205578,14.27,78.0,0.0,6.11,GL,1601428316.0,77.4670434,-69.2284827,Qaanaaq Hotel
319,kapaa,25.609862340024147,-177.4519364415356,84.99,66.0,1.0,10.29,US,1601428254.0,22.0881391,-159.3379818,Hilton Garden Inn Kauai Wailua Bay
320,saldanha,-45.95084924595547,-8.865917503653124,48.2,81.0,39.0,4.7,ZA,1601428253.0,-33.0276981,17.9176312,Strandloper Ocean Boutique Hotel
321,cape town,-49.421897309848404,7.802454100543003,55.0,76.0,31.0,10.29,ZA,1601428196.0,-33.9248685,18.4240553,Atlanticview Cape Town Boutique Hotel
322,kushiro,42.94654370267753,144.9085556690329,59.0,87.0,75.0,3.36,JP,1601428162.0,42.9849413,144.3818041,La Vista Akangawa Hotel
323,georgetown,-0.006759096649304297,-17.622682801017877,82.4,94.0,20.0,3.36,MY,1601428265.0,38.9076089,-77.07225849999999,Yours Truly DC Hotel
324,barrow,87.0745221762986,-160.54696726632255,33.8,80.0,90.0,11.41,US,1601428249.0,71.29055559999999,-156.788611,Top of the World Hotel
325,taboga,8.707677297892815,-79.22426492931152,51.01,91.0,4.0,6.15,IT,1601428317.0,8.787191199999999,-79.55753419999999,Hard Rock Hotel Panama Megapolis
326,bonthe,4.006535320221417,-16.615185812245016,77.38,90.0,94.0,4.97,SL,1601428318.0,7.525702799999999,-12.5039922,Bonthe Holiday Village
327,avarua,-59.02781262209616,-167.44148942365203,78.8,78.0,38.0,25.28,CK,1601428260.0,-21.2065593,-159.7758407,Sunrise Beach Bungalows
328,ushuaia,-67.92614283143821,-58.3363817676355,33.8,80.0,40.0,13.87,AR,1601428002.0,-54.8019121,-68.3029511,Las Hayas Ushuaia Resort
329,tasiilaq,84.26792576739493,-39.049028717932856,32.0,92.0,100.0,4.7,GL,1601428251.0,65.6134561,-37.6335696,The Red House
330,illoqqortoormiut,87.46686605045431,-15.841913753586484,,,,,,,70.48556909999999,-21.9628757,فندق إيتوكوتورميت
331,khatanga,74.23743961075107,101.32373220737036,30.97,99.0,100.0,13.29,RU,1601428300.0,71.964027,102.4406129,"Gostinitsa ""Zapolyar'ye"""
332,nanortalik,52.7817570717796,-35.07058828049932,35.31,77.0,0.0,19.46,GL,1601428319.0,60.1424955,-45.2394951,Hotel Kap Farvel
333,raudeberg,66.827079906243,2.8565183636262645,50.0,96.0,100.0,2.44,NO,1601428319.0,61.9829131,5.1351059,Stad Hotell
334,kruisfontein,-39.298630752595855,24.573850229410247,45.82,85.0,0.0,5.41,ZA,1601428263.0,-33.9843356,24.732102,J-Bay Zebra Lodge - Luxury Game Lodge
335,saint george,29.083286642290265,-49.4614424932532,89.01,7.0,1.0,6.93,US,1601428310.0,37.0965278,-113.5684164,Zion Red Rock Oasis
336,ushuaia,-77.63875450064546,-32.326162722405,33.8,80.0,40.0,13.87,AR,1601428002.0,-54.8019121,-68.3029511,Las Hayas Ushuaia Resort
337,ushuaia,-72.29684591813964,-66.43217762821517,33.8,80.0,40.0,13.87,AR,1601428002.0,-54.8019121,-68.3029511,Las Hayas Ushuaia Resort
338,hilo,13.404176221198016,-139.13194417106692,84.2,70.0,1.0,11.41,US,1601428266.0,19.7241106,-155.0868193,Oceanfront Legacy Vacation Rental
339,ushuaia,-85.39693795915097,-65.4566155415604,33.8,80.0,40.0,13.87,AR,1601428002.0,-54.8019121,-68.3029511,Las Hayas Ushuaia Resort
340,chapais,50.35666991610879,-74.53137925944344,53.6,76.0,90.0,6.93,CA,1601428321.0,49.78221,-74.85248,Centre de Villégiature Marina Chibougamau
341,illoqqortoormiut,87.83747183375799,-28.822080936437008,,,,,,,70.48556909999999,-21.9628757,فندق إيتوكوتورميت
342,bredasdorp,-85.31672479391555,14.567600479817743,44.6,87.0,10.0,2.24,ZA,1601428321.0,-34.5385222,20.0568771,De Hoop Collection
343,hilo,5.006503071156517,-152.37937441522337,84.2,70.0,1.0,11.41,US,1601428266.0,19.7241106,-155.0868193,Oceanfront Legacy Vacation Rental
344,pandan,15.085414422868723,124.6616232408956,86.38,63.0,100.0,2.93,PH,1601428322.0,11.74214,122.0994209,Grand Blue Beach Hotel
345,butaritari,23.345187972844514,174.2575313038714,82.18,75.0,4.0,14.34,KI,1601428267.0,3.1166667,172.8,
346,sarkand,46.13935239609327,80.13588761961718,38.05,63.0,0.0,2.93,KZ,1601428322.0,45.4131077,79.917079,Гостиница Сарканд
347,danshui,22.56189462230208,114.61662437273249,86.0,81.0,11.0,1.01,CN,1601428322.0,25.1719805,121.4433706,VILLA 32
348,kaeo,-32.17041390795819,174.20790770177186,59.41,50.0,97.0,6.76,NZ,1601428323.0,-35.1003036,173.7803244,Paihia Beach Resort & Spa
349,ayan,54.44778328005541,137.8663192872366,49.35,63.0,100.0,9.69,RU,1601428323.0,32.7077219,-97.12239199999999,Wyndham Garden Dallas North
350,qaanaaq,86.21088502903619,-93.4214034834988,14.27,78.0,0.0,6.11,GL,1601428316.0,77.4670434,-69.2284827,Qaanaaq Hotel
351,busselton,-72.80760954357135,81.3014799343822,64.0,80.0,99.0,10.42,AU,1601428240.0,-33.6531584,115.3454892,Pullman Bunker Bay Resort Margaret River Region
352,attawapiskat,59.22627673129097,-88.64458117895987,,,,,,,52.9258846,-82.42889219999999,White Wolf Inn
353,mizdah,31.252747186736325,13.338603004789832,66.27,83.0,7.0,6.85,LY,1601428324.0,31.4478222,12.9838564,فندق مزدة الكبير
354,port alfred,-85.04757200731534,53.57692333312804,54.43,77.0,39.0,7.47,ZA,1601428244.0,-33.5864065,26.8851448,The House Quarters
355,ushuaia,-75.91354066613344,-54.43207127948836,33.8,80.0,40.0,13.87,AR,1601428002.0,-54.8019121,-68.3029511,Las Hayas Ushuaia Resort
356,barentsburg,77.78623198026007,13.17616478051346,,,,,,,78.0648475,14.2334597,"Radisson Blu Polar Hotel, Spitsbergen"
357,chokurdakh,83.36014566326419,148.11236897563708,43.34,75.0,100.0,7.43,RU,1601428274.0,70.622169,147.916168,Sberbank Rossii
358,hithadhoo,-7.304102215961138,71.7331834296663,83.08,73.0,100.0,8.79,MV,1601428325.0,-0.6060574,73.0892245,WAVE SOUND by 3S Maldives
359,sao filipe,15.470465518545835,-24.399537059220425,79.63,74.0,14.0,9.46,CV,1601428325.0,14.8951679,-24.4945636,Hotel Miramar Fogo Brava
360,kapaa,35.16085676850561,-153.5430190220576,84.99,66.0,1.0,10.29,US,1601428254.0,22.0881391,-159.3379818,Hilton Garden Inn Kauai Wailua Bay
361,ushuaia,-56.87003264965117,-52.22613344191078,33.8,80.0,40.0,13.87,AR,1601428002.0,-54.8019121,-68.3029511,Las Hayas Ushuaia Resort
362,taltal,-25.383790510648428,-77.5867500382575,58.14,72.0,0.0,6.53,CL,1601428326.0,-25.3101988,-69.8613827,
363,urcos,-13.980901025493155,-71.55816370888522,50.67,65.0,66.0,5.77,PE,1601428326.0,-13.6824359,-71.62283550000001,Pedregal Ecolodge
364,kruisfontein,-38.95476693357568,25.01792910788149,45.82,85.0,0.0,5.41,ZA,1601428263.0,-33.9843356,24.732102,J-Bay Zebra Lodge - Luxury Game Lodge
365,jumla,33.23490222151487,83.81737606578116,54.55,54.0,0.0,4.18,NP,1601428322.0,29.2521524,82.1659243,Hotel Grand and lodge
366,brae,63.00029119800158,-1.8737823558903413,51.8,81.0,0.0,16.11,GB,1601428327.0,,,
367,vanimo,0.2422533988076623,140.85987307271668,85.62,66.0,15.0,5.41,PG,1601428260.0,-2.6896767,141.2998457,Sandaun Surf Hotel
368,the valley,25.14652283229078,-62.04234140250696,84.2,79.0,20.0,9.17,AI,1601428327.0,,,
369,gambo,48.96751543880735,-54.25520001929944,68.11,97.0,100.0,0.92,CF,1601428328.0,4.6605419,22.256285,
370,tromso,72.89692527417543,18.970514194436817,48.2,87.0,76.0,3.36,NO,1601428328.0,69.6492047,18.9553239,Polar Cabin
371,new norfolk,-86.19007549526138,125.798720908203,63.0,69.0,90.0,1.01,AU,1601428268.0,-42.7828332,147.0593848,Hotel Grand Chancellor Hobart
372,pisco,-22.698935381387386,-87.0836958073653,62.6,82.0,19.0,17.22,PE,1601428298.0,-13.7134562,-76.1841701,"Hotel Paracas, a Luxury Collection Resort, Paracas"
373,new norfolk,-66.2040420676517,127.6282028722299,63.0,69.0,90.0,1.01,AU,1601428268.0,-42.7828332,147.0593848,Hotel Grand Chancellor Hobart
374,vaini,-36.98724737289635,-176.46881686522036,80.6,83.0,90.0,14.99,TO,1601428244.0,-21.1935,-175.1751534,Fafa Island Resort
375,barentsburg,82.80355295389906,10.450206227348758,,,,,,,78.0648475,14.2334597,"Radisson Blu Polar Hotel, Spitsbergen"
376,ilulissat,70.70958896380877,-49.84011671879165,28.4,68.0,71.0,8.05,GL,1601428329.0,69.2198118,-51.0986031,Hotel Arctic
377,bluff,-83.71583952284034,163.00881476972518,48.42,81.0,84.0,17.49,NZ,1601428003.0,-46.5972245,168.3301997,Luna Sea Lodge
378,lodwar,2.8184737416404886,36.18378137080285,82.85,49.0,100.0,16.02,KE,1601428329.0,3.1155165,35.6040785,The Cradle Tented Camp
379,zakharovo,54.50319676148652,39.067359101956846,50.0,40.0,100.0,11.56,RU,1601428330.0,56.0031944,40.5628712,Usad'ba Meshchorskaya
380,illoqqortoormiut,76.972881429535,-25.663703151195477,,,,,,,70.48556909999999,-21.9628757,فندق إيتوكوتورميت
381,taolanaro,-42.18242665273672,50.46205040139842,,,,,,,-25.0225309,46.9853688,Manafiafy Beach & Rainforest Lodge
382,yellowknife,87.39144883184305,-112.3241978081802,42.8,87.0,75.0,12.75,CA,1601428247.0,62.4539717,-114.3717887,The Explorer Hotel
383,yellowknife,81.84219091435943,-112.32579432143284,42.8,87.0,75.0,12.75,CA,1601428247.0,62.4539717,-114.3717887,The Explorer Hotel
384,rikitea,-33.87687499024189,-135.87925700720933,69.89,78.0,70.0,21.85,PF,1601428248.0,-23.1223034,-134.9691543,Pension Maro'i
385,hobart,-48.055787607559424,149.21231820859236,63.0,62.0,75.0,11.41,AU,1601428065.0,-42.8821377,147.3271949,Hotel Grand Chancellor Hobart
386,noumea,-24.080333382280784,165.7049200784729,75.2,53.0,75.0,19.46,NC,1601428331.0,-22.2734912,166.4480887,Escapade Îlot Maître
387,albany,-60.69981864419131,123.32806901370087,61.0,84.0,100.0,3.44,US,1601428241.0,42.6525793,-73.7562317,Wheatleigh
388,vaini,-32.027428916518986,-176.5297187550929,80.6,83.0,90.0,14.99,TO,1601428244.0,-21.1935,-175.1751534,Fafa Island Resort
389,nikolskoye,43.927785081296996,179.70214319115672,52.0,93.0,75.0,2.24,RU,1601428294.0,55.1981604,166.0015368,
390,finschhafen,-5.900399006519521,148.13317825189654,82.17,72.0,94.0,10.4,PG,1601428332.0,-6.598434,147.853302,Cossam Guest House
391,noumea,-27.602212271097695,164.1685634494199,75.2,53.0,75.0,19.46,NC,1601428331.0,-22.2734912,166.4480887,Escapade Îlot Maître
392,ngunguru,-30.82447392498096,178.8171015904796,57.96,55.0,100.0,6.93,NZ,1601428332.0,-35.6281397,174.5065202,Changing Tides BnB
393,jamestown,-22.28707171701048,-6.0959807093344125,55.99,81.0,90.0,6.93,US,1601428250.0,37.2116383,-76.7752102,Williamsburg Inn
394,vaitupu,-6.59533552254821,-175.6136845949954,,,,,,,-7.476732699999999,178.6747675,
395,bluff,-84.90101585217245,160.8707155774648,48.42,81.0,84.0,17.49,NZ,1601428003.0,-46.5972245,168.3301997,Luna Sea Lodge
396,cayenne,11.015885780219946,-44.88828449327645,77.0,100.0,75.0,7.49,GF,1601428334.0,4.92242,-52.3134531,Amazone Lodges Oyack
397,yellowknife,86.14438057439104,-104.25274126621632,42.8,87.0,75.0,12.75,CA,1601428247.0,62.4539717,-114.3717887,The Explorer Hotel
398,am timan,11.367835966353114,21.030803066631908,73.17,94.0,100.0,4.23,TD,1601428335.0,11.0445821,20.2862003,
399,quatre cocos,-14.053933749834757,69.74694580974989,70.0,94.0,40.0,6.93,MU,1601428335.0,-20.201639,57.7743197,Shangri-La's Le Touessrok Resort & Spa
400,kapaa,32.19335153868897,-166.2047463487059,84.99,66.0,1.0,10.29,US,1601428254.0,22.0881391,-159.3379818,The Villas at Poipu Kai
401,dovolnoye,54.56235462348204,79.4196129335291,31.73,96.0,41.0,2.55,RU,1601428335.0,54.4933072,79.6833171,Sberbank Rossii
402,jacareacanga,-7.000154185376402,-59.46360866212433,80.31,59.0,39.0,0.54,BR,1601428261.0,-6.2238568,-57.76075840000001,HOTEL VIANA
403,ayan,58.34043530368871,139.67235013286484,49.35,63.0,100.0,9.69,RU,1601428323.0,32.7077219,-97.12239199999999,Wyndham Garden Dallas North
404,kapaa,24.49526772174218,-160.66219683316862,84.99,66.0,1.0,10.29,US,1601428254.0,22.0881391,-159.3379818,The Villas at Poipu Kai
405,atuona,-12.516893534147995,-142.05503353191554,78.4,75.0,0.0,17.94,PF,1601428280.0,-9.8028605,-139.0398069,Hôtel Hiva Oa Hanakee Lodge
406,bluff,-86.2004211585433,152.20105945201647,48.42,81.0,84.0,17.49,NZ,1601428003.0,-46.5972245,168.3301997,Luna Sea Lodge
407,kapaa,30.258606206349587,-172.26571722140616,84.99,66.0,1.0,10.29,US,1601428254.0,22.0881391,-159.3379818,The Villas at Poipu Kai
408,cabedelo,-5.6207882124257935,-24.552942199404868,73.4,88.0,7.0,4.7,BR,1601428338.0,-7.0402624,-34.8430098,Guest Hotel Manaíra
409,katsuura,27.20596730891589,144.40796904149903,73.99,50.0,1.0,5.01,JP,1601428299.0,35.1522272,140.3208833,Hotel GALAXY
410,qaanaaq,75.41451179409052,-79.42873562839677,14.27,78.0,0.0,6.11,GL,1601428316.0,77.4670434,-69.2284827,Qaanaaq Hotel
411,mbarara,-0.7213904685296626,30.63150568698964,61.95,90.0,0.0,3.11,UG,1601428339.0,-0.6071596,30.6545022,Jameson Resort Hotel Ltd
412,batagay-alyta,67.20088598820456,130.75855405968133,33.22,77.0,100.0,11.83,RU,1601428271.0,67.79280899999999,130.4017789,Batagay-Alyta
413,ponta do sol,17.137748436253034,-27.771598062844475,69.8,68.0,75.0,6.93,PT,1601428253.0,32.6854883,-17.0864266,Hotel Calamar
414,bandarbeyla,5.9264458793333725,59.412727165185224,77.31,80.0,22.0,18.48,SO,1601428340.0,9.498579999999999,50.8105261,Super secret pirate cove
415,hermanus,-88.73323238859356,7.041060345003957,45.0,93.0,29.0,3.67,ZA,1601428256.0,-34.4092004,19.2504436,THE THATCH HOUSE
416,albany,-83.6168150141062,100.74004635353624,61.0,84.0,100.0,3.44,US,1601428241.0,42.6525793,-73.7562317,Wheatleigh
417,half moon bay,36.22367133512277,-123.9855329746105,77.0,64.0,5.0,9.17,US,1601428340.0,37.4635519,-122.4285862,FOUND Hotel San Francisco
418,bambous virieux,-22.21400455942566,62.097102987815845,70.0,94.0,40.0,6.93,MU,1601428269.0,-20.3438619,57.7636821,Shangri-La's Le Touessrok Resort & Spa
419,college,65.31451430575541,-150.0387741118792,55.4,50.0,40.0,5.82,US,1601428341.0,43.7044406,-72.2886935,Castle Hill Resort and Spa
420,bolungarvik,69.82339064647152,-30.411074726212288,,,,,,,66.1517719,-23.261709,Einarshusid
421,castro,-47.293635241777636,-86.31356177508812,64.38,93.0,1.0,4.29,BR,1601428291.0,,,
422,talnakh,82.89539981417835,91.04208554954472,32.0,97.0,0.0,8.95,RU,1601428342.0,69.5,88.39999999999999,Talnakh Hotel
423,vaitupu,-3.973811401141688,-176.91856940343268,,,,,,,-7.476732699999999,178.6747675,
424,sentyabrskiy,42.024076055751436,152.2407665980837,,,,,,,,,
425,vaini,-70.19640691026189,-173.6746288910299,80.6,83.0,90.0,14.99,TO,1601428244.0,-21.1935,-175.1751534,Fafa Island Resort
426,rikitea,-54.86902418456121,-119.66514749863713,69.89,78.0,70.0,21.85,PF,1601428248.0,-23.1223034,-134.9691543,Pension Maro'i
427,honningsvag,81.82829856109255,26.405652587847207,51.26,83.0,9.0,9.31,NO,1601428268.0,70.9822909,25.9702075,Arctic Hotel Nordkapp
428,tumannyy,77.43807021295376,36.454036234923024,,,,,,,,,
429,deputatskiy,69.63705779938223,141.8263363486384,37.89,77.0,100.0,7.52,RU,1601428344.0,69.30260299999999,139.9583829,
430,tuatapere,-45.84800794154337,160.90437907139474,47.19,80.0,100.0,9.35,NZ,1601428269.0,-46.1316001,167.6896954,Luna Sea Lodge
431,mykolayivka,47.579778504236,30.518262067547823,56.5,90.0,100.0,6.38,UA,1601428345.0,48.8530442,37.77115440000001,Club Hotel OSKOL
432,khatanga,74.71401838455212,105.69243316704815,30.97,99.0,100.0,13.29,RU,1601428300.0,71.964027,102.4406129,"Gostinitsa ""Zapolyar'ye"""
433,mahebourg,-40.210107995396754,71.75031325377802,69.8,94.0,40.0,6.93,MU,1601428345.0,-20.4059505,57.7034222,Seastar Hotel
434,lebu,-37.419681210604,-96.47490377846412,48.61,87.0,92.0,13.87,CL,1601428264.0,-37.6080479,-73.6514907,Hotel Arauco
435,berlevag,88.05912807440727,34.249748684849074,50.45,80.0,28.0,10.45,NO,1601428245.0,70.7198284,29.0300862,Mehamn Arctic Hotel AS
436,harstad,68.89202062660095,16.422010289015507,46.0,100.0,90.0,9.17,NO,1601428346.0,68.7986342,16.5414503,Senja Fjordhotell
437,rikitea,-72.51866831306545,-128.19256181053115,69.89,78.0,70.0,21.85,PF,1601428248.0,-23.1223034,-134.9691543,Pension Maro'i
438,harrai,22.701427382222434,79.07506578797467,69.24,85.0,53.0,3.22,IN,1601428346.0,22.6241545,79.2212697,Hotel The Grand Shukrana
439,addi ugri,14.87944714178731,39.26896191244325,,,,,,,14.8841369,38.812898,Asmara Palace Hotel
440,victoria,-10.59245472590483,56.16464253958191,84.99,84.0,34.0,12.03,HK,1601428170.0,22.2799907,114.1587983,K11 ARTUS
441,ushuaia,-73.58294761063028,-30.874181536144423,33.8,80.0,40.0,13.87,AR,1601428002.0,-54.8019121,-68.3029511,Australis Kauyeken
442,jamestown,-42.69047282928588,-17.32122414733618,55.99,81.0,90.0,6.93,US,1601428250.0,37.2116383,-76.7752102,Williamsburg Inn
443,akdepe,41.66995743739042,59.25950860640435,42.8,56.0,65.0,9.17,TM,1601428348.0,42.0531638,59.38455200000001,"Hotel ""ARAL"""
444,angoche,-17.508902034882965,41.09636647221606,72.34,93.0,1.0,6.55,MZ,1601428348.0,-16.2162656,39.914466,Guest House HESADA
445,miri,3.840874319464049,114.3806313187104,84.2,79.0,40.0,5.82,MY,1601428206.0,4.399493,113.9913832,Miri Marriott Resort & Spa
446,illoqqortoormiut,75.71658468127825,-23.199481155889718,,,,,,,70.48556909999999,-21.9628757,فندق إيتوكوتورميت
447,belaya gora,67.94497220848497,144.91288556680325,47.19,73.0,98.0,9.71,RU,1601428349.0,68.549671,146.232876,
448,san patricio,6.7043775959797225,-116.16861590005465,86.0,74.0,75.0,5.82,MX,1601428349.0,19.2251985,-104.703973,"Costa Careyes, Jalisco"
449,hithadhoo,-0.23474127627439145,72.36786888910409,83.08,73.0,100.0,8.79,MV,1601428325.0,-0.6060574,73.0892245,WAVE SOUND by 3S Maldives
450,moron,47.20377416986048,99.53425711735048,68.0,58.0,0.0,3.0,AR,1601428349.0,-34.6558611,-58.6167212,Four Seasons Hotel Buenos Aires
451,lanzhou,35.688996901667764,104.34875318170134,57.0,81.0,100.0,2.55,CN,1601428245.0,36.061089,103.834303,Crowne Plaza Lanzhou
452,chokurdakh,74.1112568627868,145.30328622564855,43.34,75.0,100.0,7.43,RU,1601428274.0,70.622169,147.916168,Sberbank Rossii
453,port alfred,-35.16143678751599,27.194866628166608,54.43,77.0,39.0,7.47,ZA,1601428244.0,-33.5864065,26.8851448,Oceana Beach Wildlife Reserve
454,rungata,-2.9584844913978396,177.61465857238477,,,,,,,-1.3493599,176.445007,Nikunau Island
455,sao filipe,9.247781619337161,-34.339396161899714,79.63,74.0,14.0,9.46,CV,1601428325.0,14.8951679,-24.4945636,Hotel Ocean View & Restaurante Seafood
456,vaitupu,-5.078095866736106,-179.74432848433025,,,,,,,-7.476732699999999,178.6747675,
457,ushuaia,-52.52009973231036,-59.399753630853404,33.8,80.0,40.0,13.87,AR,1601428002.0,-54.8019121,-68.3029511,Australis Kauyeken
458,diego de almagro,-25.677505605028262,-68.29682301668946,52.63,45.0,0.0,0.94,CL,1601428352.0,,,
459,edd,14.634522835776865,40.65236407943138,86.22,66.0,0.0,3.18,ER,1601428352.0,42.003137,-80.312462,Hampton Inn & Suites Erie Bayfront
460,atuona,-6.924342238409111,-147.11410270020946,78.4,75.0,0.0,17.94,PF,1601428280.0,-9.8028605,-139.0398069,Hôtel Hiva Oa Hanakee Lodge
461,tuktoyaktuk,73.72574676499602,-130.82772526380637,37.4,93.0,90.0,2.24,CA,1601428281.0,69.445358,-133.034181,Hunter's B&B
462,hilo,4.65743663868318,-160.48247118516753,84.2,70.0,1.0,11.41,US,1601428266.0,19.7241106,-155.0868193,Oceanfront Legacy Vacation Rental
463,hilo,5.71107094604082,-146.79857020116575,84.2,70.0,1.0,11.41,US,1601428266.0,19.7241106,-155.0868193,Oceanfront Legacy Vacation Rental
464,chuy,-50.041003624739105,-35.299238523084,52.12,85.0,3.0,7.47,UY,1601428288.0,-33.692754,-53.4552817,Koru Bungalows
465,hermanus,-64.87589811293401,3.2353721252588064,45.0,93.0,29.0,3.67,ZA,1601428256.0,-34.4092004,19.2504436,THE THATCH HOUSE
466,quatre cocos,-14.686792186097064,68.54490961152456,70.0,94.0,40.0,6.93,MU,1601428335.0,-20.201639,57.7743197,Shangri-La's Le Touessrok Resort & Spa
467,new norfolk,-75.96693049590242,131.9337298648103,63.0,69.0,90.0,1.01,AU,1601428268.0,-42.7828332,147.0593848,Hotel Grand Chancellor Hobart
468,paoua,7.498005580823643,17.12447134428868,68.31,97.0,100.0,2.86,CF,1601428354.0,7.246608600000001,16.4346979,
469,rikitea,-66.16395548954648,-129.0777274821873,69.89,78.0,70.0,21.85,PF,1601428248.0,-23.1223034,-134.9691543,Pension Maro'i
470,ushuaia,-88.4595301626527,-83.81056364164951,33.8,80.0,40.0,13.87,AR,1601428002.0,-54.8019121,-68.3029511,Australis Kauyeken
471,saldanha,-43.06736748239504,-7.000746200333224,48.2,81.0,39.0,4.7,ZA,1601428253.0,-33.0276981,17.9176312,Strandloper Ocean Boutique Hotel
472,san cristobal,-9.120449439840584,-91.03692652694671,66.09,89.0,99.0,4.38,VE,1601428354.0,7.771357200000001,-72.22614659999999,Hotel Casino Internacional
473,qaqortoq,64.56470882414484,-45.72272471405407,30.2,50.0,0.0,4.7,GL,1601428355.0,60.71898640000001,-46.03534579999999,Igaliku Country Hotel
474,hobart,-76.77802389524666,147.2385828497971,63.0,62.0,75.0,11.41,AU,1601428065.0,-42.8821377,147.3271949,Hotel Grand Chancellor Hobart
475,ugoofaaru,6.1762977686970535,70.64616916067645,81.81,73.0,100.0,9.33,MV,1601428248.0,5.6675876,73.03019680000001,JW Marriott Maldives Resort & Spa
476,mataura,-70.80231630810955,-159.87515877902302,42.91,95.0,100.0,7.2,NZ,1601428249.0,-46.193922,168.8655083,Land's End Boutique Hotel
477,hilo,7.477780859575276,-154.54990503435926,84.2,70.0,1.0,11.41,US,1601428266.0,19.7241106,-155.0868193,Oceanfront Legacy Vacation Rental
478,victoria,-6.257783975292185,63.265002565982904,84.99,84.0,34.0,12.03,HK,1601428170.0,22.2799907,114.1587983,K11 ARTUS
479,glenluce,54.82878545689431,-4.908967128795781,54.0,90.0,100.0,7.0,GB,1601428356.0,54.879954,-4.8087989,Corsewall Lighthouse Hotel
480,beringovskiy,48.029299557218884,179.67950825994592,43.83,67.0,60.0,2.35,RU,1601428356.0,63.0611249,179.3485395,Beringgorski
481,atambua,-11.334780013471017,126.95329343588725,85.15,43.0,100.0,2.55,ID,1601428329.0,-9.101628999999999,124.9120662,Ramascora Resort
482,santa lucia,-16.285030247094255,-70.57982384405544,73.0,73.0,20.0,9.17,ES,1601428356.0,,,
483,tuktoyaktuk,82.96741043418092,-138.02344334716028,37.4,93.0,90.0,2.24,CA,1601428281.0,69.445358,-133.034181,Hunter's B&B
484,gogrial,9.626613765058307,28.610092875366348,74.26,83.0,100.0,3.65,SS,1601428357.0,8.5323992,28.0991001,Kajok Market
485,payson,39.86719449581813,-111.90529799884092,71.6,24.0,1.0,3.65,US,1601428357.0,34.2308684,-111.3251355,Cliff Castle Casino Hotel
486,new norfolk,-46.68139826176832,141.5932219533539,63.0,69.0,90.0,1.01,AU,1601428268.0,-42.7828332,147.0593848,Hotel Grand Chancellor Hobart
487,sioux lookout,54.00395857096029,-91.09919136990374,50.0,87.0,75.0,2.24,CA,1601428358.0,50.0978321,-91.922038,Huber's Lone Pine Lodge
488,boguchany,59.93741709273266,97.514708282605,29.19,94.0,0.0,2.89,RU,1601428358.0,58.3776603,97.4548173,Uyut
489,atuona,-1.6477204326065475,-124.83165546316928,78.4,75.0,0.0,17.94,PF,1601428280.0,-9.8028605,-139.0398069,Hôtel Hiva Oa Hanakee Lodge
490,san cristobal,-1.1957367450971503,-86.89275930401197,66.09,89.0,99.0,4.38,VE,1601428354.0,7.771357200000001,-72.22614659999999,Hotel Casino Internacional
491,vaitupu,3.59275960917114,-178.4313764215779,,,,,,,-7.476732699999999,178.6747675,
492,bethel,54.66862367771452,-162.22535977083015,70.0,94.0,90.0,4.7,US,1601428359.0,41.3712283,-73.41396209999999,Bedford Post Inn
493,taolanaro,-88.35721619677071,65.24406200459424,,,,,,,-25.0225309,46.9853688,Manafiafy Beach & Rainforest Lodge
494,touros,-0.9328922273244727,-30.995465396227807,73.4,88.0,20.0,3.36,BR,1601428359.0,-5.1961669,-35.4635381,Pousada Boutique Villa Boa Vista
495,poum,-17.308929903554684,159.3654770582043,71.53,66.0,4.0,11.56,NC,1601428359.0,-20.2349574,164.0329499,Karem Bay
496,loiza,21.69177871616371,-65.22659361540781,80.6,74.0,40.0,13.87,PR,1601428359.0,18.4298388,-65.87745,"Dorado Beach, a Ritz-Carlton Reserve"
497,coihaique,-49.91808213336769,-79.42922526580115,39.2,51.0,20.0,5.82,CL,1601428270.0,-45.5712254,-72.068265,Patagonia Domos
498,albany,-63.74957382960071,104.42027802509364,61.0,84.0,100.0,3.44,US,1601428241.0,42.6525793,-73.7562317,Wheatleigh
499,avarua,-67.39100677552742,-164.1397834588202,78.8,78.0,38.0,25.28,CK,1601428260.0,-21.2065593,-159.7758407,Little Polynesian Resort
